R1.6  RptBusEnServicio10X;;;;;;;;;;;;;;;
;;;;;;;;;;;;;;;
BUSES EN SERVICIO;;;;;;;;;;;;;;;
;;;;;;;;;;;;;;;
Unidad de Negocio:;U8 - Alfa US1;;;;;;;;;;;;;;
Servicio:;TODOS;;;;;;;;;;;;;;
Fecha Desde :;31-07-2026;;;;;;;;;;;;;;
Fecha Hasta :;31-07-2026;;;;;;;;;;;;;;
Hora Desde :;00:00;;;;;;;;;;;;;;
Hora Hasta :;12:19;;;;;;;;;;;;;;
Tolerancia :;15%;;;;;;;;;;;;;;
;;;;;;;;;;;;;;;
SERVICIO;CODIGO BUS;PATENTE BUS;RUTA;TIPO DIA;FRANJA HORARIA;INICIO SERVICIO;FIN SERVICIO;ZONA HORARIA;TIEMPO DE VIAJE REAL;RANGO ESPERADO DE VIAJE POR FRANJA HORARIA;CUMPLIMIENTO;PLAZAS;INICIO SERVICIO (Km);FIN SERVICIO (Km);VELOCIDAD (Km/Min)
T801;CO-1B2084;LDJP-73;T801 00I;DIA NORMAL;LABFUEPUNMAN;31/07/2026 11:15:58;01-01-1900 00:00:00; -04:00;01:02:50;00:00:00 - 00:00:00;NOK;95;0,41;16,02;0,25
T801;ER-1A1001;SHCY-10;T801 00I;DIA NORMAL;LABFUEPUNMAN;31/07/2026 11:52:49;01-01-1900 00:00:00; -04:00;00:29:29;00:00:00 - 00:00:00;NOK;77;0,53;10,01;0,32
T801;CO-1E3000;SJTD-55;T801 00I;DIA NORMAL;LABPUNMAN;31/07/2026 06:42:49;31-07-2026 08:07:51; -04:00;01:25:02;00:00:00 - 00:00:00;NOK;90;0,54;21,32;0,24
T801;CO-1E3006;SJTD-63;T801 00I;DIA NORMAL;LABFUEPUNMAN;31/07/2026 10:03:42;01-01-1900 00:00:00; -04:00;01:20:31;00:00:00 - 00:00:00;NOK;90;0,54;21,20;0,26
T801;CO-1E3011;SKHF-84;T801 00I;DIA NORMAL;LABPRENOC;31/07/2026 00:02:07;31-07-2026 00:56:37; -04:00;00:54:30;00:00:00 - 00:00:00;NOK;90;0,48;21,20;0,38
T801;CO-1E3012;SKHF-87;T801 00I;DIA NORMAL;LABPRENOC;30/07/2026 23:41:54;31-07-2026 00:35:56; -04:00;00:54:02;00:00:00 - 00:00:00;NOK;90;8,05;21,48;0,40
T801;CO-1E3016;SKHG-17;T801 00I;DIA NORMAL;LABTRAPUNMAN;31/07/2026 08:13:01;31-07-2026 09:36:03; -04:00;01:23:02;00:00:00 - 00:00:00;NOK;90;0,50;21,42;0,25
T801;CO-1E3016;SKHG-17;T801 00I;DIA NORMAL;LABFUEPUNMAN;31/07/2026 11:32:05;01-01-1900 00:00:00; -04:00;00:51:05;00:00:00 - 00:00:00;NOK;90;0,54;16,10;0,30
T801;CO-1E3018;SKHG-33;T801 00I;DIA NORMAL;LABTRANOC;31/07/2026 05:32:24;31-07-2026 06:31:24; -04:00;00:59:00;00:00:00 - 00:00:00;NOK;90;0,53;21,29;0,35
T801;CO-1E3022;SKHG-42;T801 00I;DIA NORMAL;LABPUNMAN;31/07/2026 06:57:43;31-07-2026 08:22:44; -04:00;01:25:01;00:00:00 - 00:00:00;NOK;90;0,54;21,34;0,24
T801;CO-1E3022;SKHG-42;T801 00I;DIA NORMAL;LABTRAPUNMAN;31/07/2026 08:35:15;31-07-2026 09:47:16; -04:00;01:12:01;00:00:00 - 00:00:00;NOK;90;0,50;21,29;0,29
T801;CO-1E3022;SKHG-42;T801 00I;DIA NORMAL;LABFUEPUNMAN;31/07/2026 10:22:19;01-01-1900 00:00:00; -04:00;01:06:01;00:00:00 - 00:00:00;NOK;90;0,43;21,31;0,32
T801;CO-1E3022;SKHG-42;T801 00I;DIA NORMAL;LABFUEPUNMAN;31/07/2026 11:43:50;01-01-1900 00:00:00; -04:00;00:35:39;00:00:00 - 00:00:00;NOK;90;0,42;10,05;0,27
T801;STM-1B3049;SPZX-55;T801 00I;DIA NORMAL;LABTRANOC;31/07/2026 06:11:54;31-07-2026 07:12:26; -04:00;01:00:32;00:00:00 - 00:00:00;NOK;90;0,54;21,26;0,34
T801;STM-1B3049;SPZX-55;T801 00I;DIA NORMAL;LABPUNMAN;31/07/2026 07:19:56;31-07-2026 08:35:27; -04:00;01:15:31;00:00:00 - 00:00:00;NOK;90;0,42;21,34;0,28
T801;STM-1B3049;SPZX-55;T801 00I;DIA NORMAL;LABTRAPUNMAN;31/07/2026 08:48:57;31-07-2026 10:01:29; -04:00;01:12:32;00:00:00 - 00:00:00;NOK;90;0,54;21,22;0,29
T801;STM-1E3068;STHD-54;T801 00I;DIA NORMAL;LABTRANOC;31/07/2026 06:03:08;31-07-2026 07:15:40; -04:00;01:12:32;00:00:00 - 00:00:00;NOK;90;0,44;21,39;0,29
T801;STM-1E3068;STHD-54;T801 00I;DIA NORMAL;LABPUNMAN;31/07/2026 07:29:10;31-07-2026 08:47:12; -04:00;01:18:02;00:00:00 - 00:00:00;NOK;90;0,52;21,34;0,27
T801;STM-1E3072;STHF-15;T801 00I;DIA NORMAL;LABPUNMAN;31/07/2026 06:31:34;31-07-2026 07:37:35; -04:00;01:06:01;00:00:00 - 00:00:00;NOK;90;0,54;21,42;0,32
T801;STM-1E3072;STHF-15;T801 00I;DIA NORMAL;LABPUNMAN;31/07/2026 07:48:35;31-07-2026 09:14:07; -04:00;01:25:32;00:00:00 - 00:00:00;NOK;90;0,46;21,41;0,24
T801;STM-1E3072;STHF-15;T801 00I;DIA NORMAL;LABTRAPUNMAN;31/07/2026 09:22:07;31-07-2026 10:31:09; -04:00;01:09:02;00:00:00 - 00:00:00;NOK;90;0,52;21,29;0,30
T801;STM-1E3074;STHF-35;T801 00I;DIA NORMAL;LABTRAPUNMAN;31/07/2026 08:24:46;31-07-2026 09:35:17; -04:00;01:10:31;00:00:00 - 00:00:00;NOK;90;0,45;21,23;0,29
T801;STM-1E3074;STHF-35;T801 00I;DIA NORMAL;LABFUEPUNMAN;31/07/2026 09:45:18;31-07-2026 10:51:19; -04:00;01:06:01;00:00:00 - 00:00:00;NOK;90;0,44;21,51;0,32
T801;STM-1E3079;STHF-62;T801 00I;DIA NORMAL;LABPRENOC;30/07/2026 23:22:21;31-07-2026 00:09:22; -04:00;00:47:01;00:00:00 - 00:00:00;NOK;90;18,10;21,34;0,37
T801;STM-1E3079;STHF-62;T801 00I;DIA NORMAL;LABTRANOC;31/07/2026 06:22:56;31-07-2026 07:32:58; -04:00;01:10:02;00:00:00 - 00:00:00;NOK;90;0,51;21,48;0,30
T801;CO-1E3138;TXZH-38;T801 00I;DIA NORMAL;LABTRANOC;31/07/2026 05:47:59;31-07-2026 06:56:00; -04:00;01:08:01;00:00:00 - 00:00:00;NOK;90;0,47;21,44;0,31
T801;CO-1E3138;TXZH-38;T801 00I;DIA NORMAL;LABPUNMAN;31/07/2026 07:09:00;31-07-2026 08:41:01; -04:00;01:32:01;00:00:00 - 00:00:00;NOK;90;0,42;21,38;0,23
T801;CO-1E3138;TXZH-38;T801 00I;DIA NORMAL;LABTRAPUNMAN;31/07/2026 09:01:32;31-07-2026 10:17:03; -04:00;01:15:31;00:00:00 - 00:00:00;NOK;90;0,54;21,44;0,28
T801;CO-1E3138;TXZH-38;T801 00I;DIA NORMAL;LABFUEPUNMAN;31/07/2026 10:53:03;01-01-1900 00:00:00; -04:00;01:13:01;00:00:00 - 00:00:00;NOK;90;0,40;21,29;0,29
T801;CO-1E3140;TXZK-38;T801 00I;DIA NORMAL;LABPRENOC;31/07/2026 00:31:33;31-07-2026 01:23:04; -04:00;00:51:31;00:00:00 - 00:00:00;NOK;90;0,56;21,24;0,40
T803;ER-1B2042;LXDH-84;T803 00I;DIA NORMAL;LABNOC;31/07/2026 05:03:56;31-07-2026 06:57:00; -04:00;01:53:04;00:00:00 - 00:00:00;NOK;96;0,47;36,24;0,32
T803;ER-1B2050;LXDH-92;T803 00I;DIA NORMAL;LABPRENOC;30/07/2026 22:47:23;31-07-2026 00:27:25; -04:00;01:40:02;00:00:00 - 00:00:00;NOK;96;28,30;36,11;0,36
T803;ER-1B2052;LXDH-94;T803 00I;DIA NORMAL;LABFUEPUNMAN;31/07/2026 09:41:55;01-01-1900 00:00:00; -04:00;02:01:02;00:00:00 - 00:00:00;NOK;96;0,56;36,12;0,29
T803;ER-1B2062;LXDJ-14;T803 00I;DIA NORMAL;LABPUNMAN;31/07/2026 06:54:07;31-07-2026 09:29:41; -04:00;02:35:34;00:00:00 - 00:00:00;NOK;96;0,44;36,22;0,23
T803;SM-1B2065;LXDJ-17;T803 00I;DIA NORMAL;LABPRENOC;31/07/2026 00:24:41;31-07-2026 00:25:11; -04:00;00:00:30;00:00:00 - 00:00:00;NOK;96;36,27;36,45;0,37
T803;SM-1B2067;LXDJ-19;T803 00I;DIA NORMAL;LABTRANOC;31/07/2026 06:27:06;31-07-2026 08:54:39; -04:00;02:27:33;00:00:00 - 00:00:00;NOK;96;0,42;36,11;0,24
T803;SM-1B2079;LXDJ-31;T803 00I;DIA NORMAL;LABNOC;31/07/2026 05:20:58;31-07-2026 07:11:29; -04:00;01:50:31;00:00:00 - 00:00:00;NOK;96;0,49;36,22;0,32
T803;ER-1A1002;SHCY-11;T803 00I;DIA NORMAL;LABTRAPUNMAN;31/07/2026 08:56:07;31-07-2026 11:11:09; -04:00;02:15:02;00:00:00 - 00:00:00;NOK;77;0,56;36,10;0,26
T803;ER-1A1002;SHCY-11;T803 00I;DIA NORMAL;LABFUEPUNMAN;31/07/2026 12:11:40;01-01-1900 00:00:00; -04:00;00:08:16;00:00:00 - 00:00:00;NOK;77;0,61;4,03;0,41
T803;ER-1A1004;SHCY-33;T803 00I;DIA NORMAL;LABTRAPUNMAN;31/07/2026 09:20:47;31-07-2026 09:21:17; -04:00;00:00:30;00:00:00 - 00:00:00;NOK;77;36,24;36,26;0,03
T803;ER-1A1004;SHCY-33;T803 00I;DIA NORMAL;LABTRAPUNMAN;31/07/2026 09:27:17;31-07-2026 10:00:16; -04:00;00:32:59;00:00:00 - 00:00:00;NOK;77;0,42;10,01;0,29
T803;ER-1A1009;SHCY-40;T803 00I;DIA NORMAL;LABTRANOC;31/07/2026 05:41:06;31-07-2026 07:53:38; -04:00;02:12:32;00:00:00 - 00:00:00;NOK;77;0,50;36,18;0,27
T803;ER-1A1010;SHCY-46;T803 00I;DIA NORMAL;LABTRANOC;31/07/2026 05:45:23;31-07-2026 05:45:53; -04:00;00:00:30;00:00:00 - 00:00:00;NOK;77;36,24;36,25;0,03
T803;ER-1A1010;SHCY-46;T803 00I;DIA NORMAL;LABFUEPUNMAN;31/07/2026 10:14:01;01-01-1900 00:00:00; -04:00;01:54:35;00:00:00 - 00:00:00;NOK;77;0,50;36,13;0,31
T803;ER-1C4029;SHXD-78;T803 00I;DIA NORMAL;LABTRANOC;31/07/2026 06:05:02;31-07-2026 08:54:04; -04:00;02:49:02;00:00:00 - 00:00:00;NOK;156;0,43;36,21;0,21
T803;ER-1C4029;SHXD-78;T803 00I;DIA NORMAL;LABTRAPUNMAN;31/07/2026 09:14:34;01-01-1900 00:00:00; -04:00;02:43:03;00:00:00 - 00:00:00;NOK;156;0,60;36,18;0,22
T803;ER-1C4032;SHXF-26;T803 00I;DIA NORMAL;LABPUNMAN;31/07/2026 07:50:00;31-07-2026 10:19:02; -04:00;02:29:02;00:00:00 - 00:00:00;NOK;156;0,57;36,24;0,24
T803;ER-1C4032;SHXF-26;T803 00I;DIA NORMAL;LABFUEPUNMAN;31/07/2026 10:41:33;01-01-1900 00:00:00; -04:00;01:04:26;00:00:00 - 00:00:00;NOK;156;0,48;21,00;0,32
T803;SM-1C4039;SHXG-32;T803 00I;DIA NORMAL;LABTRANOC;31/07/2026 05:31:40;31-07-2026 07:54:14; -04:00;02:22:34;00:00:00 - 00:00:00;NOK;156;0,58;36,17;0,25
T803;SM-1C4039;SHXG-32;T803 00I;DIA NORMAL;LABTRAPUNMAN;31/07/2026 08:26:12;31-07-2026 09:04:51; -04:00;00:38:39;00:00:00 - 00:00:00;NOK;156;0,53;10,21;0,25
T803;ER-1C4063;SJPD-95;T803 00I;DIA NORMAL;LABFUEPUNMAN;31/07/2026 11:56:59;01-01-1900 00:00:00; -04:00;00:20:58;00:00:00 - 00:00:00;NOK;156;0,58;6,02;0,26
T803;CO-1E3023;SKHG-47;T803 00I;DIA NORMAL;LABNOC;31/07/2026 05:11:17;31-07-2026 06:55:21; -04:00;01:44:04;00:00:00 - 00:00:00;NOK;90;0,60;36,10;0,34
T803;CO-1E3023;SKHG-47;T803 00I;DIA NORMAL;LABPUNMAN;31/07/2026 07:07:21;31-07-2026 09:35:55; -04:00;02:28:34;00:00:00 - 00:00:00;NOK;90;0,56;36,24;0,24
T803;CO-1E3023;SKHG-47;T803 00I;DIA NORMAL;LABFUEPUNMAN;31/07/2026 09:55:55;01-01-1900 00:00:00; -04:00;02:05:34;00:00:00 - 00:00:00;NOK;90;0,45;36,18;0,28
T803;CO-1E3024;SKHG-55;T803 00I;DIA NORMAL;LABTRANOC;31/07/2026 05:43:10;31-07-2026 05:43:40; -04:00;00:00:30;00:00:00 - 00:00:00;NOK;90;36,25;36,26;0,02
T803;CO-1E3024;SKHG-55;T803 00I;DIA NORMAL;LABTRANOC;31/07/2026 05:51:10;31-07-2026 08:08:36; -04:00;02:17:26;00:00:00 - 00:00:00;NOK;90;0,60;36,09;0,26
T803;CO-1E3024;SKHG-55;T803 00I;DIA NORMAL;LABFUEPUNMAN;31/07/2026 11:40:13;01-01-1900 00:00:00; -04:00;00:00:30;00:00:00 - 00:00:00;NOK;90;36,27;36,45;0,37
T803;CO-1E3024;SKHG-55;T803 00I;DIA NORMAL;LABFUEPUNMAN;31/07/2026 11:42:43;01-01-1900 00:00:00; -04:00;00:33:20;00:00:00 - 00:00:00;NOK;90;0,54;12,07;0,35
T803;CO-1E3027;SKHG-62;T803 00I;DIA NORMAL;LABPUNMAN;31/07/2026 07:25:23;31-07-2026 07:26:23; -04:00;00:01:00;00:00:00 - 00:00:00;NOK;90;36,26;36,45;0,19
T803;CO-1E3027;SKHG-62;T803 00I;DIA NORMAL;LABPUNMAN;31/07/2026 07:27:23;31-07-2026 10:10:27; -04:00;02:43:04;00:00:00 - 00:00:00;NOK;90;0,62;36,28;0,22
T803;CO-1E3028;SKHG-65;T803 00I;DIA NORMAL;LABPUNMAN;31/07/2026 07:56:43;31-07-2026 10:11:45; -04:00;02:15:02;00:00:00 - 00:00:00;NOK;90;0,56;36,31;0,26
T803;CO-1E3029;SKHG-69;T803 00I;DIA NORMAL;LABTRAPUNMAN;31/07/2026 08:41:44;31-07-2026 11:08:48; -04:00;02:27:04;00:00:00 - 00:00:00;NOK;90;0,45;36,16;0,24
T803;CO-1E3031;SKHG-73;T803 00I;DIA NORMAL;LABFUEPUNMAN;31/07/2026 10:56:04;01-01-1900 00:00:00; -04:00;01:24:40;00:00:00 - 00:00:00;NOK;90;0,54;22,19;0,26
T803;CO-1E3032;SKHG-74;T803 00I;DIA NORMAL;LABPUNMAN;31/07/2026 07:57:02;31-07-2026 07:57:32; -04:00;00:00:30;00:00:00 - 00:00:00;NOK;90;36,26;36,27;0,01
T803;CO-1E3032;SKHG-74;T803 00I;DIA NORMAL;LABTRAPUNMAN;31/07/2026 08:10:32;31-07-2026 10:34:35; -04:00;02:24:03;00:00:00 - 00:00:00;NOK;90;0,41;36,34;0,25
T803;CO-1E3033;SKHG-79;T803 00I;DIA NORMAL;LABFUEPUNMAN;31/07/2026 11:12:40;01-01-1900 00:00:00; -04:00;00:10:00;00:00:00 - 00:00:00;NOK;90;0,40;32,47;3,21
T803;CO-1E3034;SKHG-80;T803 00I;DIA NORMAL;LABTRANOC;31/07/2026 06:15:33;31-07-2026 08:58:05; -04:00;02:42:32;00:00:00 - 00:00:00;NOK;90;0,55;36,10;0,22
T803;CO-1E3041;SKHG-95;T803 00I;DIA NORMAL;LABFUEPUNMAN;31/07/2026 11:26:15;01-01-1900 00:00:00; -04:00;00:13:58;00:00:00 - 00:00:00;NOK;90;0,52;31,41;2,21
T803;STM-1B3043;SPZX-36;T803 00I;DIA NORMAL;LABFUEPUNMAN;31/07/2026 10:28:51;01-01-1900 00:00:00; -04:00;01:54:08;00:00:00 - 00:00:00;NOK;90;0,55;28,16;0,24
T805;ER-1B2048;LXDH-90;T805 00I;DIA NORMAL;LABTRAPUNMAN;31/07/2026 09:26:49;31-07-2026 10:52:20; -04:00;01:25:31;00:00:00 - 00:00:00;NOK;96;0,56;26,66;0,31
T805;ER-1B2054;LXDH-96;T805 00I;DIA NORMAL;LABFUEPUNMAN;31/07/2026 11:27:49;01-01-1900 00:00:00; -04:00;00:55:03;00:00:00 - 00:00:00;NOK;96;0,87;20,29;0,35
T805;SM-1B2059;LXDJ-11;T805 00I;DIA NORMAL;LABFUEPUNMAN;31/07/2026 12:16:24;01-01-1900 00:00:00; -04:00;00:03:29;00:00:00 - 00:00:00;NOK;96;0,48;2,01;0,44
T805;ER-1B2062;LXDJ-14;T805 00I;DIA NORMAL;LABFUEPUNMAN;31/07/2026 09:46:49;01-01-1900 00:00:00; -04:00;01:40:01;00:00:00 - 00:00:00;NOK;96;0,44;26,80;0,26
T805;ER-1C4026;SHXC-20;T805 00I;DIA NORMAL;LABPUNMAN;31/07/2026 07:07:47;31-07-2026 09:07:48; -04:00;02:00:01;00:00:00 - 00:00:00;NOK;156;0,56;26,80;0,22
T805;ER-1C4026;SHXC-20;T805 00R;DIA NORMAL;LABFUEPUNMAN;31/07/2026 10:23:25;01-01-1900 00:00:00; -04:00;01:27:32;00:00:00 - 00:00:00;NOK;156;2,10;27,17;0,29
T805;ER-1C4028;SHXD-76;T805 00R;DIA NORMAL;LABPRENOC;30/07/2026 23:25:07;31-07-2026 00:35:09; -04:00;01:10:02;00:00:00 - 00:00:00;NOK;156;16,09;27,13;0,35
T805;ER-1C4028;SHXD-76;T805 00I;DIA NORMAL;LABNOC;31/07/2026 05:21:04;31-07-2026 06:31:05; -04:00;01:10:01;00:00:00 - 00:00:00;NOK;156;0,45;26,65;0,37
T805;ER-1C4028;SHXD-76;T805 00R;DIA NORMAL;LABPUNMAN;31/07/2026 07:09:36;31-07-2026 08:53:08; -04:00;01:43:32;00:00:00 - 00:00:00;NOK;156;2,09;27,15;0,24
T805;ER-1C4028;SHXD-76;T805 00I;DIA NORMAL;LABTRAPUNMAN;31/07/2026 09:11:53;31-07-2026 10:42:55; -04:00;01:31:02;00:00:00 - 00:00:00;NOK;156;0,62;26,84;0,29
T805;ER-1C4028;SHXD-76;T805 00R;DIA NORMAL;LABFUEPUNMAN;31/07/2026 11:46:47;01-01-1900 00:00:00; -04:00;00:37:17;00:00:00 - 00:00:00;NOK;156;2,04;12,13;0,27
T805;ER-1C4030;SHXF-24;T805 00R;DIA NORMAL;LABPRENOC;31/07/2026 00:08:26;31-07-2026 00:44:57; -04:00;00:36:31;00:00:00 - 00:00:00;NOK;156;12,22;26,92;0,40
T805;ER-1C4030;SHXF-24;T805 00I;DIA NORMAL;LABTRANOC;31/07/2026 05:40:38;31-07-2026 07:02:42; -04:00;01:22:04;00:00:00 - 00:00:00;NOK;156;0,42;26,62;0,32
T805;ER-1C4030;SHXF-24;T805 00R;DIA NORMAL;LABTRAPUNMAN;31/07/2026 08:03:13;31-07-2026 09:34:14; -04:00;01:31:01;00:00:00 - 00:00:00;NOK;156;2,04;27,06;0,27
T805;ER-1C4030;SHXF-24;T805 00I;DIA NORMAL;LABFUEPUNMAN;31/07/2026 10:11:54;01-01-1900 00:00:00; -04:00;01:28:33;00:00:00 - 00:00:00;NOK;156;0,45;26,76;0,30
T805;ER-1C4033;SHXF-27;T805 00R;DIA NORMAL;LABPUNMAN;31/07/2026 06:44:58;31-07-2026 08:43:30; -04:00;01:58:32;00:00:00 - 00:00:00;NOK;156;2,05;26,95;0,21
T805;ER-1C4033;SHXF-27;T805 00I;DIA NORMAL;LABTRAPUNMAN;31/07/2026 08:58:00;31-07-2026 10:51:32; -04:00;01:53:32;00:00:00 - 00:00:00;NOK;156;0,42;26,78;0,23
T805;ER-1C4033;SHXF-27;T805 00R;DIA NORMAL;LABFUEPUNMAN;31/07/2026 12:16:44;01-01-1900 00:00:00; -04:00;00:07:26;00:00:00 - 00:00:00;NOK;156;2,01;4,02;0,27
T805;ER-1C4037;SHXG-30;T805 00I;DIA NORMAL;LABNOC;31/07/2026 05:11:48;31-07-2026 06:31:50; -04:00;01:20:02;00:00:00 - 00:00:00;NOK;156;0,45;26,74;0,33
T805;ER-1C4037;SHXG-30;T805 00R;DIA NORMAL;LABPUNMAN;31/07/2026 07:45:12;31-07-2026 09:33:16; -04:00;01:48:04;00:00:00 - 00:00:00;NOK;156;2,00;26,95;0,23
T805;ER-1C4037;SHXG-30;T805 00I;DIA NORMAL;LABFUEPUNMAN;31/07/2026 10:02:47;01-01-1900 00:00:00; -04:00;01:37:32;00:00:00 - 00:00:00;NOK;156;0,46;26,78;0,27
T805;ER-1C4038;SHXG-31;T805 00I;DIA NORMAL;LABPRENOC;30/07/2026 23:45:49;31-07-2026 00:43:53; -04:00;00:58:04;00:00:00 - 00:00:00;NOK;156;8,09;26,62;0,44
T805;ER-1C4038;SHXG-31;T805 00R;DIA NORMAL;LABNOC;31/07/2026 05:24:14;31-07-2026 06:40:46; -04:00;01:16:32;00:00:00 - 00:00:00;NOK;156;2,09;27,13;0,33
T805;ER-1C4038;SHXG-31;T805 00I;DIA NORMAL;LABPUNMAN;31/07/2026 06:50:46;31-07-2026 08:51:48; -04:00;02:01:02;00:00:00 - 00:00:00;NOK;156;0,45;26,73;0,22
T805;ER-1C4038;SHXG-31;T805 00R;DIA NORMAL;LABFUEPUNMAN;31/07/2026 09:44:57;31-07-2026 11:18:28; -04:00;01:33:31;00:00:00 - 00:00:00;NOK;156;2,04;26,93;0,27
T805;SM-1C4040;SHXG-34;T805 00I;DIA NORMAL;LABTRANOC;31/07/2026 06:13:19;31-07-2026 07:47:21; -04:00;01:34:02;00:00:00 - 00:00:00;NOK;156;0,52;26,81;0,28
T805;SM-1C4040;SHXG-34;T805 00R;DIA NORMAL;LABTRAPUNMAN;31/07/2026 08:44:52;31-07-2026 10:13:23; -04:00;01:28:31;00:00:00 - 00:00:00;NOK;156;2,09;27,11;0,28
T805;SM-1C4040;SHXG-34;T805 00I;DIA NORMAL;LABFUEPUNMAN;31/07/2026 11:12:05;01-01-1900 00:00:00; -04:00;01:08:41;00:00:00 - 00:00:00;NOK;156;0,44;18,12;0,26
T805;ER-1C4044;SJPC-37;T805 00R;DIA NORMAL;LABTRANOC;31/07/2026 05:44:07;31-07-2026 07:01:08; -04:00;01:17:01;00:00:00 - 00:00:00;NOK;156;2,14;26,97;0,32
T805;ER-1C4044;SJPC-37;T805 00I;DIA NORMAL;LABPUNMAN;31/07/2026 07:18:08;31-07-2026 09:01:40; -04:00;01:43:32;00:00:00 - 00:00:00;NOK;156;0,53;26,66;0,25
T805;ER-1C4044;SJPC-37;T805 00R;DIA NORMAL;LABFUEPUNMAN;31/07/2026 10:06:11;01-01-1900 00:00:00; -04:00;01:34:33;00:00:00 - 00:00:00;NOK;156;2,02;27,11;0,27
T805;ER-1C4045;SJPC-38;T805 00R;DIA NORMAL;LABTRANOC;31/07/2026 06:24:47;31-07-2026 08:11:21; -04:00;01:46:34;00:00:00 - 00:00:00;NOK;156;2,01;27,14;0,24
T805;ER-1C4045;SJPC-38;T805 00I;DIA NORMAL;LABTRAPUNMAN;31/07/2026 08:30:39;31-07-2026 10:10:40; -04:00;01:40:01;00:00:00 - 00:00:00;NOK;156;0,54;26,80;0,26
T805;ER-1C4045;SJPC-38;T805 00R;DIA NORMAL;LABFUEPUNMAN;31/07/2026 11:04:11;01-01-1900 00:00:00; -04:00;01:18:26;00:00:00 - 00:00:00;NOK;156;2,01;24,01;0,28
T805;SM-1C4046;SJPC-41;T805 00I;DIA NORMAL;LABPRENOC;30/07/2026 23:23:38;31-07-2026 00:25:09; -04:00;01:01:31;00:00:00 - 00:00:00;NOK;156;18,22;26,73;0,40
T805;SM-1C4046;SJPC-41;T805 00R;DIA NORMAL;LABTRANOC;31/07/2026 06:03:49;31-07-2026 07:43:21; -04:00;01:39:32;00:00:00 - 00:00:00;NOK;156;2,01;27,07;0,25
T805;SM-1C4046;SJPC-41;T805 00I;DIA NORMAL;LABPUNMAN;31/07/2026 07:57:21;31-07-2026 09:45:53; -04:00;01:48:32;00:00:00 - 00:00:00;NOK;156;0,48;26,79;0,24
T805;SM-1C4046;SJPC-41;T805 00I;DIA NORMAL;LABFUEPUNMAN;31/07/2026 11:56:17;01-01-1900 00:00:00; -04:00;00:27:46;00:00:00 - 00:00:00;NOK;156;0,54;8,08;0,27
T805;SM-1C4048;SJPC-45;T805 00I;DIA NORMAL;LABNOC;31/07/2026 05:01:05;31-07-2026 06:16:36; -04:00;01:15:31;00:00:00 - 00:00:00;NOK;156;0,49;26,80;0,35
T805;SM-1C4048;SJPC-45;T805 00I;DIA NORMAL;LABTRAPUNMAN;31/07/2026 08:44:45;31-07-2026 10:19:47; -04:00;01:35:02;00:00:00 - 00:00:00;NOK;156;0,56;26,85;0,28
T805;SM-1C4048;SJPC-45;T805 00R;DIA NORMAL;LABFUEPUNMAN;31/07/2026 11:26:25;01-01-1900 00:00:00; -04:00;00:54:18;00:00:00 - 00:00:00;NOK;156;2,04;18,04;0,29
T805;SM-1C4049;SJPC-48;T805 00I;DIA NORMAL;LABPUNMAN;31/07/2026 07:34:22;31-07-2026 09:29:54; -04:00;01:55:32;00:00:00 - 00:00:00;NOK;156;0,57;26,73;0,23
T805;SM-1C4049;SJPC-48;T805 00R;DIA NORMAL;LABFUEPUNMAN;31/07/2026 10:46:27;01-01-1900 00:00:00; -04:00;01:21:03;00:00:00 - 00:00:00;NOK;156;2,05;27,12;0,31
T805;SM-1C4050;SJPC-49;T805 00I;DIA NORMAL;LABPRENOC;30/07/2026 23:33:59;31-07-2026 00:38:02; -04:00;01:04:03;00:00:00 - 00:00:00;NOK;156;12,05;26,70;0,42
T805;SM-1C4050;SJPC-49;T805 00I;DIA NORMAL;LABTRAPUNMAN;31/07/2026 08:11:37;31-07-2026 09:54:10; -04:00;01:42:33;00:00:00 - 00:00:00;NOK;156;0,44;26,70;0,26
T805;SM-1C4050;SJPC-49;T805 00I;DIA NORMAL;LABFUEPUNMAN;31/07/2026 11:41:12;01-01-1900 00:00:00; -04:00;00:40:28;00:00:00 - 00:00:00;NOK;156;0,47;12,03;0,29
T805;SM-1C4052;SJPC-52;T805 00R;DIA NORMAL;LABNOC;31/07/2026 05:03:05;31-07-2026 06:11:36; -04:00;01:08:31;00:00:00 - 00:00:00;NOK;156;2,11;27,10;0,36
T805;SM-1C4052;SJPC-52;T805 00I;DIA NORMAL;LABPUNMAN;31/07/2026 06:37:44;31-07-2026 08:34:45; -04:00;01:57:01;00:00:00 - 00:00:00;NOK;156;0,45;26,80;0,23
T805;SM-1C4052;SJPC-52;T805 00R;DIA NORMAL;LABFUEPUNMAN;31/07/2026 09:31:17;31-07-2026 10:59:18; -04:00;01:28:01;00:00:00 - 00:00:00;NOK;156;2,04;26,92;0,28
T805;SM-1C4054;SJPC-66;T805 00I;DIA NORMAL;LABTRANOC;31/07/2026 05:31:00;31-07-2026 06:54:31; -04:00;01:23:31;00:00:00 - 00:00:00;NOK;156;0,48;26,77;0,31
T805;SM-1C4057;SJPD-89;T805 00I;DIA NORMAL;LABFUEPUNMAN;31/07/2026 10:30:00;01-01-1900 00:00:00; -04:00;01:37:02;00:00:00 - 00:00:00;NOK;156;0,58;26,62;0,27
T805;ER-1C4059;SJPD-91;T805 00R;DIA NORMAL;LABPRENOC;30/07/2026 23:03:07;31-07-2026 00:09:10; -04:00;01:06:03;00:00:00 - 00:00:00;NOK;156;24,07;27,13;0,41
T805;ER-1C4059;SJPD-91;T805 00I;DIA NORMAL;LABTRANOC;31/07/2026 06:01:28;31-07-2026 07:19:00; -04:00;01:17:32;00:00:00 - 00:00:00;NOK;156;0,44;26,76;0,34
T805;ER-1C4059;SJPD-91;T805 00R;DIA NORMAL;LABTRAPUNMAN;31/07/2026 08:25:02;31-07-2026 09:55:04; -04:00;01:30:02;00:00:00 - 00:00:00;NOK;156;2,03;27,15;0,28
T805;ER-1C4059;SJPD-91;T805 00I;DIA NORMAL;LABFUEPUNMAN;31/07/2026 10:56:35;01-01-1900 00:00:00; -04:00;01:20:35;00:00:00 - 00:00:00;NOK;156;0,45;24,22;0,29
T805;ER-1C4063;SJPD-95;T805 00I;DIA NORMAL;LABTRANOC;31/07/2026 06:25:23;31-07-2026 08:19:24; -04:00;01:54:01;00:00:00 - 00:00:00;NOK;156;0,47;26,78;0,23
T805;ER-1C4063;SJPD-95;T805 00R;DIA NORMAL;LABTRAPUNMAN;31/07/2026 09:06:55;31-07-2026 10:35:57; -04:00;01:29:02;00:00:00 - 00:00:00;NOK;156;2,08;26,93;0,28
T805;SM-1C4065;SJPD-99;T805 00I;DIA NORMAL;LABTRANOC;31/07/2026 05:51:26;31-07-2026 07:09:27; -04:00;01:18:01;00:00:00 - 00:00:00;NOK;156;0,41;26,80;0,34
T805;SM-1C4065;SJPD-99;T805 00R;DIA NORMAL;LABPUNMAN;31/07/2026 07:26:28;31-07-2026 09:13:30; -04:00;01:47:02;00:00:00 - 00:00:00;NOK;156;2,00;26,97;0,23
T805;SM-1C4065;SJPD-99;T805 00I;DIA NORMAL;LABFUEPUNMAN;31/07/2026 10:43:50;01-01-1900 00:00:00; -04:00;01:33:08;00:00:00 - 00:00:00;NOK;156;0,58;24,21;0,25
T805c;ER-1B2043;LXDH-85;T805 C0 00R;DIA NORMAL;LABPUNMAN;31/07/2026 06:35:10;31-07-2026 07:39:11; -04:00;01:04:01;00:00:00 - 00:00:00;NOK;96;2,15;19,21;0,27
T805c;ER-1B2054;LXDH-96;T805 C0 00R;DIA NORMAL;LABPUNMAN;31/07/2026 07:14:53;31-07-2026 08:19:54; -04:00;01:05:01;00:00:00 - 00:00:00;NOK;96;2,15;19,32;0,26
T805c;ER-1B2058;LXDJ-10;T805 C0 00R;DIA NORMAL;LABTRANOC;31/07/2026 06:14:11;31-07-2026 07:10:12; -04:00;00:56:01;00:00:00 - 00:00:00;NOK;96;2,13;19,14;0,30
T805c;ER-1B2058;LXDJ-10;T805 C0 00R;DIA NORMAL;LABFUEPUNMAN;31/07/2026 10:13:15;31-07-2026 10:17:15; -04:00;00:04:00;00:00:00 - 00:00:00;NOK;96;18,03;19,50;0,37
T805c;SM-1B2059;LXDJ-11;T805 C0 00R;DIA NORMAL;LABTRANOC;31/07/2026 05:53:17;31-07-2026 06:42:48; -04:00;00:49:31;00:00:00 - 00:00:00;NOK;96;2,23;19,17;0,34
T805c;SM-1B2059;LXDJ-11;T805 C0 00R;DIA NORMAL;LABFUEPUNMAN;31/07/2026 09:47:24;31-07-2026 10:05:25; -04:00;00:18:01;00:00:00 - 00:00:00;NOK;96;14,08;19,34;0,29
T805c;SM-1B2072;LXDJ-24;T805 C0 00R;DIA NORMAL;LABTRANOC;31/07/2026 05:33:20;31-07-2026 06:13:22; -04:00;00:40:02;00:00:00 - 00:00:00;NOK;96;2,25;19,33;0,43
T805c;SM-1B2072;LXDJ-24;T805 C0 00R;DIA NORMAL;LABTRAPUNMAN;31/07/2026 09:15:29;31-07-2026 09:31:30; -04:00;00:16:01;00:00:00 - 00:00:00;NOK;96;14,10;19,47;0,34
T807;CO-1B2087;LDJV-45;T807 00I;DIA NORMAL;LABPUNMAN;31/07/2026 06:53:30;31-07-2026 07:43:01; -04:00;00:49:31;00:00:00 - 00:00:00;NOK;95;0,45;15,68;0,31
T807;CO-1B2087;LDJV-45;T807 00I;DIA NORMAL;LABPUNMAN;31/07/2026 07:50:01;31-07-2026 08:39:02; -04:00;00:49:01;00:00:00 - 00:00:00;NOK;95;0,43;15,58;0,31
T807;CO-1B2087;LDJV-45;T807 00I;DIA NORMAL;LABTRAPUNMAN;31/07/2026 08:58:32;31-07-2026 09:42:33; -04:00;00:44:01;00:00:00 - 00:00:00;NOK;95;0,45;15,56;0,34
T807;CO-1B2087;LDJV-45;T807 00I;DIA NORMAL;LABFUEPUNMAN;31/07/2026 10:22:03;31-07-2026 11:05:37; -04:00;00:43:34;00:00:00 - 00:00:00;NOK;95;0,47;15,71;0,35
T807;CO-1B2087;LDJV-45;T807 00I;DIA NORMAL;LABFUEPUNMAN;31/07/2026 11:19:37;01-01-1900 00:00:00; -04:00;00:34:31;00:00:00 - 00:00:00;NOK;95;0,55;15,71;0,44
T807;STM-1E3054;STGZ-85;T807 00I;DIA NORMAL;LABTRANOC;31/07/2026 06:22:57;31-07-2026 07:02:29; -04:00;00:39:32;00:00:00 - 00:00:00;NOK;90;0,44;15,71;0,39
T807;STM-1E3054;STGZ-85;T807 00I;DIA NORMAL;LABPUNMAN;31/07/2026 07:16:29;31-07-2026 08:03:00; -04:00;00:46:31;00:00:00 - 00:00:00;NOK;90;0,41;15,56;0,33
T807;STM-1E3054;STGZ-85;T807 00I;DIA NORMAL;LABTRAPUNMAN;31/07/2026 08:23:30;31-07-2026 09:09:01; -04:00;00:45:31;00:00:00 - 00:00:00;NOK;90;0,42;15,60;0,33
T807;STM-1E3054;STGZ-85;T807 00I;DIA NORMAL;LABFUEPUNMAN;31/07/2026 09:39:31;31-07-2026 10:24:32; -04:00;00:45:01;00:00:00 - 00:00:00;NOK;90;0,58;15,56;0,33
T807;STM-1E3054;STGZ-85;T807 00I;DIA NORMAL;LABFUEPUNMAN;31/07/2026 11:07:32;01-01-1900 00:00:00; -04:00;00:38:01;00:00:00 - 00:00:00;NOK;90;0,51;15,56;0,40
T807;STM-1E3057;STHB-29;T807 00I;DIA NORMAL;LABPUNMAN;31/07/2026 07:06:40;31-07-2026 07:21:29; -04:00;00:14:49;00:00:00 - 00:00:00;NOK;90;0,43;6,10;0,38
T807;STM-1E3057;STHB-29;T807 00I;DIA NORMAL;LABPUNMAN;31/07/2026 07:55:41;31-07-2026 08:46:42; -04:00;00:51:01;00:00:00 - 00:00:00;NOK;90;0,41;15,62;0,30
T807;STM-1E3057;STHB-29;T807 00I;DIA NORMAL;LABTRAPUNMAN;31/07/2026 09:13:42;31-07-2026 09:55:43; -04:00;00:42:01;00:00:00 - 00:00:00;NOK;90;0,47;15,60;0,36
T807;STM-1E3057;STHB-29;T807 00I;DIA NORMAL;LABFUEPUNMAN;31/07/2026 10:34:15;31-07-2026 11:12:45; -04:00;00:38:30;00:00:00 - 00:00:00;NOK;90;0,50;15,56;0,39
T807;STM-1E3057;STHB-29;T807 00I;DIA NORMAL;LABFUEPUNMAN;31/07/2026 11:44:45;01-01-1900 00:00:00; -04:00;00:39:08;00:00:00 - 00:00:00;NOK;90;0,44;14,17;0,35
T807;STM-1E3087;STHJ-61;T807 00I;DIA NORMAL;LABTRAPUNMAN;31/07/2026 08:05:28;31-07-2026 08:51:59; -04:00;00:46:31;00:00:00 - 00:00:00;NOK;90;0,45;15,55;0,32
T807;STM-1E3087;STHJ-61;T807 00I;DIA NORMAL;LABTRAPUNMAN;31/07/2026 09:18:29;31-07-2026 10:02:00; -04:00;00:43:31;00:00:00 - 00:00:00;NOK;90;0,46;15,62;0,35
T807;STM-1E3087;STHJ-61;T807 00I;DIA NORMAL;LABFUEPUNMAN;31/07/2026 10:42:00;01-01-1900 00:00:00; -04:00;00:43:31;00:00:00 - 00:00:00;NOK;90;0,52;15,56;0,35
T807;STM-1E3087;STHJ-61;T807 00I;DIA NORMAL;LABFUEPUNMAN;31/07/2026 11:52:31;01-01-1900 00:00:00; -04:00;00:25:12;00:00:00 - 00:00:00;NOK;90;0,45;12,18;0,47
T807;STM-1E3088;STHJ-68;T807 03I;DIA NORMAL;LABTRANOC;31/07/2026 05:46:28;31-07-2026 05:57:22; -04:00;00:10:54;00:00:00 - 00:00:00;NOK;90;0,56;6,07;0,51
T807;STM-1E3088;STHJ-68;T807 00I;DIA NORMAL;LABTRANOC;31/07/2026 05:46:28;31-07-2026 06:16:59; -04:00;00:30:31;00:00:00 - 00:00:00;NOK;90;8,40;15,69;0,47
T807;STM-1E3088;STHJ-68;T807 00I;DIA NORMAL;LABPUNMAN;31/07/2026 06:32:29;31-07-2026 07:06:59; -04:00;00:34:30;00:00:00 - 00:00:00;NOK;90;0,46;15,57;0,44
T807;STM-1E3088;STHJ-68;T807 00I;DIA NORMAL;LABPUNMAN;31/07/2026 07:32:30;31-07-2026 08:25:30; -04:00;00:53:00;00:00:00 - 00:00:00;NOK;90;0,54;15,69;0,29
T807;STM-1E3088;STHJ-68;T807 00I;DIA NORMAL;LABTRAPUNMAN;31/07/2026 08:41:31;31-07-2026 09:29:32; -04:00;00:48:01;00:00:00 - 00:00:00;NOK;90;0,44;15,55;0,31
T807;STM-1E3088;STHJ-68;T807 00I;DIA NORMAL;LABFUEPUNMAN;31/07/2026 10:02:33;31-07-2026 10:47:33; -04:00;00:45:00;00:00:00 - 00:00:00;NOK;90;0,56;15,55;0,33
T807;STM-1E3092;STHJ-86;T807 00I;DIA NORMAL;LABPUNMAN;31/07/2026 07:29:35;31-07-2026 08:21:08; -04:00;00:51:33;00:00:00 - 00:00:00;NOK;90;0,46;15,61;0,29
T807;STM-1E3092;STHJ-86;T807 00I;DIA NORMAL;LABTRAPUNMAN;31/07/2026 08:34:39;31-07-2026 09:24:40; -04:00;00:50:01;00:00:00 - 00:00:00;NOK;90;0,41;15,57;0,30
T807;STM-1E3092;STHJ-86;T807 00I;DIA NORMAL;LABFUEPUNMAN;31/07/2026 09:56:11;31-07-2026 10:40:12; -04:00;00:44:01;00:00:00 - 00:00:00;NOK;90;0,58;15,70;0,34
T807;STM-1E3104;STHK-39;T807 00I;DIA NORMAL;LABPUNMAN;31/07/2026 06:39:36;31-07-2026 07:30:37; -04:00;00:51:01;00:00:00 - 00:00:00;NOK;90;0,73;15,57;0,29
T807;STM-1E3117;STHP-12;T807 03I;DIA NORMAL;LABTRANOC;31/07/2026 05:32:41;31-07-2026 05:57:42; -04:00;00:25:01;00:00:00 - 00:00:00;NOK;90;0,60;15,08;0,58
T807;STM-1E3117;STHP-12;T807 00I;DIA NORMAL;LABTRANOC;31/07/2026 06:13:42;31-07-2026 06:47:14; -04:00;00:33:32;00:00:00 - 00:00:00;NOK;90;0,63;15,59;0,45
T807;STM-1E3117;STHP-12;T807 00I;DIA NORMAL;LABPUNMAN;31/07/2026 07:04:45;31-07-2026 07:55:16; -04:00;00:50:31;00:00:00 - 00:00:00;NOK;90;0,66;15,56;0,30
T807;STM-1E3117;STHP-12;T807 00I;DIA NORMAL;LABTRAPUNMAN;31/07/2026 08:15:16;31-07-2026 09:00:47; -04:00;00:45:31;00:00:00 - 00:00:00;NOK;90;0,40;15,57;0,33
T807;STM-1E3117;STHP-12;T807 00I;DIA NORMAL;LABFUEPUNMAN;31/07/2026 09:32:48;31-07-2026 10:16:18; -04:00;00:43:30;00:00:00 - 00:00:00;NOK;90;0,44;15,64;0,35
T807;STM-1E3117;STHP-12;T807 00I;DIA NORMAL;LABFUEPUNMAN;31/07/2026 10:52:49;01-01-1900 00:00:00; -04:00;00:38:01;00:00:00 - 00:00:00;NOK;90;0,44;15,61;0,40
T807;STM-1E3117;STHP-12;T807 00I;DIA NORMAL;LABFUEPUNMAN;31/07/2026 12:12:50;01-01-1900 00:00:00; -04:00;00:06:27;00:00:00 - 00:00:00;NOK;90;0,49;4,04;0,55
T807;STM-1E3128;TXZH-26;T807 00I;DIA NORMAL;LABFUEPUNMAN;31/07/2026 11:31:25;01-01-1900 00:00:00; -04:00;00:37:30;00:00:00 - 00:00:00;NOK;90;0,59;15,63;0,40
T807c2;STM-1E3092;STHJ-86;T807 C2 00I;DIA NORMAL;LABPUNMAN;31/07/2026 06:31:34;31-07-2026 06:48:05; -04:00;00:16:31;00:00:00 - 00:00:00;NOK;90;0,53;6,39;0,35
T808;STM-1A1024;SHCX-43;T808 00I;DIA NORMAL;LABPRENOC;30/07/2026 23:41:18;31-07-2026 00:15:49; -04:00;00:34:31;00:00:00 - 00:00:00;NOK;77;8,08;14,84;0,46
T808;STM-1A1016;SHCY-16;T808 00R;DIA NORMAL;LABPUNMAN;31/07/2026 07:46:00;31-07-2026 08:49:32; -04:00;01:03:32;00:00:00 - 00:00:00;NOK;77;0,47;12,85;0,19
T808;STM-1A1016;SHCY-16;T808 00I;DIA NORMAL;LABTRAPUNMAN;31/07/2026 08:56:02;31-07-2026 10:01:20; -04:00;01:05:18;00:00:00 - 00:00:00;NOK;77;0,44;14,81;0,22
T808;STM-1A1016;SHCY-16;T808 00R;DIA NORMAL;LABFUEPUNMAN;31/07/2026 10:16:50;31-07-2026 11:05:21; -04:00;00:48:31;00:00:00 - 00:00:00;NOK;77;0,54;12,87;0,25
T808;STM-1A1016;SHCY-16;T808 00I;DIA NORMAL;LABFUEPUNMAN;31/07/2026 11:21:51;01-01-1900 00:00:00; -04:00;00:53:31;00:00:00 - 00:00:00;NOK;77;0,49;14,82;0,27
T808;STM-1A1017;SHCY-35;T808 03R;DIA NORMAL;LABPRENOC;30/07/2026 23:51:00;31-07-2026 00:13:30; -04:00;00:22:30;00:00:00 - 00:00:00;NOK;77;6,38;12,12;0,44
T808;STM-1A1006;SHCY-36;T808 00R;DIA NORMAL;LABFUEPUNMAN;31/07/2026 11:29:43;01-01-1900 00:00:00; -04:00;00:42:29;00:00:00 - 00:00:00;NOK;77;0,68;12,27;0,27
T808;STM-1A1006;SHCY-36;T808 00I;DIA NORMAL;LABFUEPUNMAN;31/07/2026 12:15:44;01-01-1900 00:00:00; -04:00;00:02:39;00:00:00 - 00:00:00;NOK;77;0,91;2,12;0,46
T808;STM-1A1007;SHCY-37;T808 03R;DIA NORMAL;LABNOC;31/07/2026 04:52:12;31-07-2026 05:10:40; -04:00;00:18:28;00:00:00 - 00:00:00;NOK;77;0,69;12,16;0,62
T808;STM-1A1007;SHCY-37;T808 00I;DIA NORMAL;LABTRANOC;31/07/2026 05:44:11;31-07-2026 06:22:41; -04:00;00:38:30;00:00:00 - 00:00:00;NOK;77;0,49;14,84;0,37
T808;STM-1A1007;SHCY-37;T808 00R;DIA NORMAL;LABPUNMAN;31/07/2026 07:29:12;31-07-2026 08:20:09; -04:00;00:50:57;00:00:00 - 00:00:00;NOK;77;0,51;12,03;0,23
T808;STM-1A1007;SHCY-37;T808 00I;DIA NORMAL;LABTRAPUNMAN;31/07/2026 08:29:44;31-07-2026 09:40:15; -04:00;01:10:31;00:00:00 - 00:00:00;NOK;77;0,68;14,77;0,20
T808;STM-1A1014;SHCY-51;T808 00R;DIA NORMAL;LABPUNMAN;31/07/2026 07:03:44;31-07-2026 07:42:11; -04:00;00:38:27;00:00:00 - 00:00:00;NOK;77;0,51;12,03;0,30
T808;STM-1A1014;SHCY-51;T808 00I;DIA NORMAL;LABTRAPUNMAN;31/07/2026 08:01:15;31-07-2026 09:20:46; -04:00;01:19:31;00:00:00 - 00:00:00;NOK;77;0,67;14,81;0,18
T808;STM-1A1014;SHCY-51;T808 00R;DIA NORMAL;LABFUEPUNMAN;31/07/2026 09:33:47;31-07-2026 10:03:03; -04:00;00:29:16;00:00:00 - 00:00:00;NOK;77;0,43;12,05;0,40
T808;STM-1A1014;SHCY-51;T808 00I;DIA NORMAL;LABFUEPUNMAN;31/07/2026 10:31:17;31-07-2026 11:17:49; -04:00;00:46:32;00:00:00 - 00:00:00;NOK;77;0,73;14,76;0,30
T808;STM-1A1014;SHCY-51;T808 00R;DIA NORMAL;LABFUEPUNMAN;31/07/2026 11:52:49;01-01-1900 00:00:00; -04:00;00:23:37;00:00:00 - 00:00:00;NOK;77;0,56;10,08;0,40
T808;STM-1A1027;SHCY-58;T808 00R;DIA NORMAL;LABTRANOC;31/07/2026 06:22:04;31-07-2026 06:55:05; -04:00;00:33:01;00:00:00 - 00:00:00;NOK;77;0,45;12,97;0,38
T808;STM-1A1027;SHCY-58;T808 00I;DIA NORMAL;LABPUNMAN;31/07/2026 07:18:34;31-07-2026 08:18:35; -04:00;01:00:01;00:00:00 - 00:00:00;NOK;77;0,49;14,77;0,24
T808;STM-1A1027;SHCY-58;T808 00R;DIA NORMAL;LABTRAPUNMAN;31/07/2026 09:11:27;31-07-2026 09:49:00; -04:00;00:37:33;00:00:00 - 00:00:00;NOK;77;0,51;12,21;0,31
T808;STM-1A1027;SHCY-58;T808 00I;DIA NORMAL;LABFUEPUNMAN;31/07/2026 10:09:15;31-07-2026 11:07:45; -04:00;00:58:30;00:00:00 - 00:00:00;NOK;77;0,69;14,83;0,24
T808;STM-1A1031;SHCY-64;T808 00R;DIA NORMAL;LABPUNMAN;31/07/2026 06:43:11;31-07-2026 07:19:08; -04:00;00:35:57;00:00:00 - 00:00:00;NOK;77;0,47;12,02;0,32
T808;STM-1A1031;SHCY-64;T808 00I;DIA NORMAL;LABPUNMAN;31/07/2026 07:24:12;31-07-2026 08:18:12; -04:00;00:54:00;00:00:00 - 00:00:00;NOK;77;0,67;14,79;0,26
T808;STM-1A1031;SHCY-64;T808 00R;DIA NORMAL;LABTRAPUNMAN;31/07/2026 08:31:43;31-07-2026 09:14:20; -04:00;00:42:37;00:00:00 - 00:00:00;NOK;77;0,49;12,18;0,27
T808;STM-1A1031;SHCY-64;T808 00I;DIA NORMAL;LABFUEPUNMAN;31/07/2026 09:30:43;31-07-2026 10:26:14; -04:00;00:55:31;00:00:00 - 00:00:00;NOK;77;0,68;14,84;0,26
T808;STM-1A1031;SHCY-64;T808 00R;DIA NORMAL;LABFUEPUNMAN;31/07/2026 11:14:45;01-01-1900 00:00:00; -04:00;00:38:45;00:00:00 - 00:00:00;NOK;77;0,56;12,03;0,30
T808;STM-1A1031;SHCY-64;T808 00I;DIA NORMAL;LABFUEPUNMAN;31/07/2026 12:10:45;01-01-1900 00:00:00; -04:00;00:06:26;00:00:00 - 00:00:00;NOK;77;0,65;2,03;0,21
T808;STM-1A1034;SHXF-19;T808 00R;DIA NORMAL;LABTRAPUNMAN;31/07/2026 08:04:00;31-07-2026 08:50:00; -04:00;00:46:00;00:00:00 - 00:00:00;NOK;77;0,52;12,00;0,25
T808;STM-1A1034;SHXF-19;T808 00I;DIA NORMAL;LABTRAPUNMAN;31/07/2026 09:02:01;31-07-2026 09:59:31; -04:00;00:57:30;00:00:00 - 00:00:00;NOK;77;0,66;14,81;0,25
T808;STM-1A1034;SHXF-19;T808 00I;DIA NORMAL;LABFUEPUNMAN;31/07/2026 10:52:02;01-01-1900 00:00:00; -04:00;00:51:01;00:00:00 - 00:00:00;NOK;77;0,50;14,84;0,28
T808;STM-1A1034;SHXF-19;T808 00R;DIA NORMAL;LABFUEPUNMAN;31/07/2026 12:12:03;01-01-1900 00:00:00; -04:00;00:11:47;00:00:00 - 00:00:00;NOK;77;0,56;4,07;0,30
T808;STM-1A1033;SHXF-45;T808 00R;DIA NORMAL;LABFUEPUNMAN;31/07/2026 11:02:40;01-01-1900 00:00:00; -04:00;00:57:01;00:00:00 - 00:00:00;NOK;77;0,54;12,88;0,22
T808;STM-1A1033;SHXF-45;T808 00I;DIA NORMAL;LABFUEPUNMAN;31/07/2026 12:02:11;01-01-1900 00:00:00; -04:00;00:20:08;00:00:00 - 00:00:00;NOK;77;0,51;6,22;0,28
T808;STM-1A1035;SJPB-20;T808 00R;DIA NORMAL;LABTRANOC;31/07/2026 06:01:29;31-07-2026 06:31:48; -04:00;00:30:19;00:00:00 - 00:00:00;NOK;77;0,54;12,09;0,38
T808;STM-1A1035;SJPB-20;T808 00I;DIA NORMAL;LABPUNMAN;31/07/2026 07:04:30;31-07-2026 08:07:01; -04:00;01:02:31;00:00:00 - 00:00:00;NOK;77;0,79;14,76;0,22
T808;STM-1A1035;SJPB-20;T808 00R;DIA NORMAL;LABTRAPUNMAN;31/07/2026 08:51:44;31-07-2026 09:35:10; -04:00;00:43:26;00:00:00 - 00:00:00;NOK;77;0,56;12,03;0,26
T808;STM-1A1035;SJPB-20;T808 00I;DIA NORMAL;LABFUEPUNMAN;31/07/2026 09:51:15;31-07-2026 10:51:16; -04:00;01:00:01;00:00:00 - 00:00:00;NOK;77;0,68;14,77;0,23
T808;STM-1A1036;SJPC-30;T808 00I;DIA NORMAL;LABPRENOC;31/07/2026 00:01:26;31-07-2026 00:31:27; -04:00;00:30:01;00:00:00 - 00:00:00;NOK;77;0,49;14,84;0,48
T808;STM-1E3063;STHC-54;T808 03R;DIA NORMAL;LABNOC;31/07/2026 04:31:16;31-07-2026 04:51:46; -04:00;00:20:30;00:00:00 - 00:00:00;NOK;90;0,62;12,33;0,57
T808;STM-1E3063;STHC-54;T808 00I;DIA NORMAL;LABTRANOC;31/07/2026 05:31:47;31-07-2026 06:07:18; -04:00;00:35:31;00:00:00 - 00:00:00;NOK;90;0,48;14,86;0,40
T808;STM-1E3089;STHJ-72;T808 03R;DIA NORMAL;LABNOC;31/07/2026 05:29:02;31-07-2026 05:52:33; -04:00;00:23:31;00:00:00 - 00:00:00;NOK;90;0,46;12,22;0,50
T808;STM-1E3089;STHJ-72;T808 00I;DIA NORMAL;LABTRANOC;31/07/2026 06:26:04;31-07-2026 07:05:04; -04:00;00:39:00;00:00:00 - 00:00:00;NOK;90;2,24;14,77;0,32
T808;STM-1E3095;STHJ-99;T808 00R;DIA NORMAL;LABTRANOC;31/07/2026 05:54:42;31-07-2026 06:21:57; -04:00;00:27:15;00:00:00 - 00:00:00;NOK;90;2,16;12,07;0,45
T808;STM-1E3095;STHJ-99;T808 00I;DIA NORMAL;LABPUNMAN;31/07/2026 06:41:13;31-07-2026 07:50:14; -04:00;01:09:01;00:00:00 - 00:00:00;NOK;90;0,67;14,84;0,21
T809;ER-1A1003;SHCY-32;T809 00I;DIA NORMAL;LABNOC;31/07/2026 04:31:30;31-07-2026 05:29:02; -04:00;00:57:32;00:00:00 - 00:00:00;NOK;77;0,78;27,84;0,47
T809;ER-1A1003;SHCY-32;T809 00I;DIA NORMAL;LABPUNMAN;31/07/2026 06:32:02;31-07-2026 08:15:04; -04:00;01:43:02;00:00:00 - 00:00:00;NOK;77;0,63;27,83;0,26
T809;ER-1A1003;SHCY-32;T809 00I;DIA NORMAL;LABTRAPUNMAN;31/07/2026 08:31:34;31-07-2026 09:52:06; -04:00;01:20:32;00:00:00 - 00:00:00;NOK;77;0,51;27,73;0,34
T809;ER-1A1003;SHCY-32;T809 00I;DIA NORMAL;LABFUEPUNMAN;31/07/2026 10:32:37;01-01-1900 00:00:00; -04:00;01:21:31;00:00:00 - 00:00:00;NOK;77;0,80;27,66;0,33
T809;ER-1A1005;SHCY-34;T809 00I;DIA NORMAL;LABNOC;31/07/2026 05:01:03;31-07-2026 06:04:34; -04:00;01:03:31;00:00:00 - 00:00:00;NOK;77;0,65;27,83;0,43
T809;ER-1A1005;SHCY-34;T809 00I;DIA NORMAL;LABPUNMAN;31/07/2026 07:01:35;31-07-2026 08:39:36; -04:00;01:38:01;00:00:00 - 00:00:00;NOK;77;0,66;27,72;0,28
T809;ER-1A1005;SHCY-34;T809 00I;DIA NORMAL;LABTRAPUNMAN;31/07/2026 09:11:06;31-07-2026 10:29:09; -04:00;01:18:03;00:00:00 - 00:00:00;NOK;77;0,68;27,69;0,35
T809;ER-1A1005;SHCY-34;T809 00I;DIA NORMAL;LABFUEPUNMAN;31/07/2026 11:31:40;01-01-1900 00:00:00; -04:00;00:47:25;00:00:00 - 00:00:00;NOK;77;0,64;18,04;0,37
T809;ER-1A1008;SHCY-39;T809 00I;DIA NORMAL;LABTRANOC;31/07/2026 05:42:50;31-07-2026 06:58:21; -04:00;01:15:31;00:00:00 - 00:00:00;NOK;77;0,46;27,83;0,36
T809;ER-1A1008;SHCY-39;T809 00I;DIA NORMAL;LABPUNMAN;31/07/2026 07:33:21;31-07-2026 08:35:39; -04:00;01:02:18;00:00:00 - 00:00:00;NOK;77;0,72;16,20;0,25
T809;ER-1A1008;SHCY-39;T809 00I;DIA NORMAL;LABTRAPUNMAN;31/07/2026 08:43:23;31-07-2026 09:17:23; -04:00;00:34:00;00:00:00 - 00:00:00;NOK;77;18,02;27,65;0,29
T809;ER-1A1008;SHCY-39;T809 00I;DIA NORMAL;LABFUEPUNMAN;31/07/2026 09:52:24;31-07-2026 10:21:51; -04:00;00:29:27;00:00:00 - 00:00:00;NOK;77;0,49;19,06;0,63
T809;CO-1A1023;SHCY-43;T809 00I;DIA NORMAL;LABTRANOC;31/07/2026 06:17:19;31-07-2026 07:55:53; -04:00;01:38:34;00:00:00 - 00:00:00;NOK;77;0,50;27,71;0,28
T809;CO-1A1023;SHCY-43;T809 00I;DIA NORMAL;LABTRAPUNMAN;31/07/2026 08:17:53;31-07-2026 09:44:54; -04:00;01:27:01;00:00:00 - 00:00:00;NOK;77;0,66;27,83;0,31
T809;CO-1A1023;SHCY-43;T809 00I;DIA NORMAL;LABFUEPUNMAN;31/07/2026 10:12:55;01-01-1900 00:00:00; -04:00;01:15:31;00:00:00 - 00:00:00;NOK;77;0,69;27,82;0,36
T809;CO-1A1023;SHCY-43;T809 00I;DIA NORMAL;LABFUEPUNMAN;31/07/2026 12:12:56;01-01-1900 00:00:00; -04:00;00:07:10;00:00:00 - 00:00:00;NOK;77;0,59;4,19;0,50
T809;ER-1A1010;SHCY-46;T809 00I;DIA NORMAL;LABTRANOC;31/07/2026 06:01:54;31-07-2026 07:21:25; -04:00;01:19:31;00:00:00 - 00:00:00;NOK;77;0,69;27,82;0,34
T809;ER-1A1010;SHCY-46;T809 00I;DIA NORMAL;LABPUNMAN;31/07/2026 07:50:25;31-07-2026 09:21:57; -04:00;01:31:32;00:00:00 - 00:00:00;NOK;77;0,52;27,83;0,30
T809;ER-1A1012;SHCY-49;T809 00I;DIA NORMAL;LABNOC;31/07/2026 05:28:25;31-07-2026 06:35:56; -04:00;01:07:31;00:00:00 - 00:00:00;NOK;77;0,66;27,80;0,40
T809;ER-1A1012;SHCY-49;T809 00I;DIA NORMAL;LABPUNMAN;31/07/2026 07:16:27;31-07-2026 09:08:00; -04:00;01:51:33;00:00:00 - 00:00:00;NOK;77;0,49;27,80;0,24
T809;ER-1A1012;SHCY-49;T809 00I;DIA NORMAL;LABFUEPUNMAN;31/07/2026 09:31:30;31-07-2026 10:49:02; -04:00;01:17:32;00:00:00 - 00:00:00;NOK;77;0,59;27,69;0,35
T809;ER-1A1012;SHCY-49;T809 00I;DIA NORMAL;LABFUEPUNMAN;31/07/2026 11:53:33;01-01-1900 00:00:00; -04:00;00:26:56;00:00:00 - 00:00:00;NOK;77;0,57;10,05;0,35
T809;ER-1A1013;SHCY-50;T809 00I;DIA NORMAL;LABPUNMAN;31/07/2026 06:47:26;31-07-2026 08:35:59; -04:00;01:48:33;00:00:00 - 00:00:00;NOK;77;0,50;27,83;0,25
T809;ER-1A1013;SHCY-50;T809 00I;DIA NORMAL;LABTRAPUNMAN;31/07/2026 08:50:59;31-07-2026 10:28:32; -04:00;01:37:33;00:00:00 - 00:00:00;NOK;77;0,69;27,72;0,28
T809;ER-1A1013;SHCY-50;T809 00I;DIA NORMAL;LABFUEPUNMAN;31/07/2026 11:12:44;01-01-1900 00:00:00; -04:00;01:09:25;00:00:00 - 00:00:00;NOK;77;0,45;24,05;0,34
T809;ER-1A1015;SHCY-55;T809 00I;DIA NORMAL;LABFUEPUNMAN;31/07/2026 10:54:29;01-01-1900 00:00:00; -04:00;01:15:33;00:00:00 - 00:00:00;NOK;77;0,62;27,82;0,36
T810;FS-1B2026;FLXP-66;T810 00I;DIA NORMAL;LABFUEPUNMAN;31/07/2026 11:01:18;01-01-1900 00:00:00; -04:00;01:15:31;00:00:00 - 00:00:00;NOK;90;0,52;20,66;0,27
T810;CO-1B2086;LDJV-44;T810 00I;DIA NORMAL;LABFUEPUNMAN;31/07/2026 09:39:55;31-07-2026 11:04:58; -04:00;01:25:03;00:00:00 - 00:00:00;NOK;95;0,42;20,60;0,24
T810;CO-1B2097;LDJW-34;T810 00I;DIA NORMAL;LABTRANOC;31/07/2026 06:16:56;31-07-2026 07:27:58; -04:00;01:11:02;00:00:00 - 00:00:00;NOK;95;0,44;20,60;0,28
T810;CO-1B2097;LDJW-34;T810 00I;DIA NORMAL;LABPUNMAN;31/07/2026 07:57:58;31-07-2026 09:30:29; -04:00;01:32:31;00:00:00 - 00:00:00;NOK;95;0,41;20,72;0,22
T810;STM-1A1024;SHCX-43;T810 00I;DIA NORMAL;LABTRAPUNMAN;31/07/2026 08:19:56;31-07-2026 09:56:00; -04:00;01:36:04;00:00:00 - 00:00:00;NOK;77;0,41;20,60;0,21
T810;STM-1A1024;SHCX-43;T810 00I;DIA NORMAL;LABFUEPUNMAN;31/07/2026 10:32:01;01-01-1900 00:00:00; -04:00;01:26:03;00:00:00 - 00:00:00;NOK;77;0,49;20,53;0,23
T810;STM-1A1026;SHCX-54;T810 00I;DIA NORMAL;LABFUEPUNMAN;31/07/2026 11:18:00;01-01-1900 00:00:00; -04:00;01:03:30;00:00:00 - 00:00:00;NOK;77;0,44;16,00;0,25
T810;STM-1A1007;SHCY-37;T810 00I;DIA NORMAL;LABFUEPUNMAN;31/07/2026 10:27:07;01-01-1900 00:00:00; -04:00;01:25:02;00:00:00 - 00:00:00;NOK;77;0,46;20,58;0,24
T810;STM-1A1027;SHCY-58;T810 00I;DIA NORMAL;LABFUEPUNMAN;31/07/2026 12:02:35;01-01-1900 00:00:00; -04:00;00:13:29;00:00:00 - 00:00:00;NOK;77;0,41;4,01;0,27
T810;STM-1A1030;SHXF-23;T810 00I;DIA NORMAL;LABPUNMAN;31/07/2026 07:52:30;31-07-2026 07:53:00; -04:00;00:00:30;00:00:00 - 00:00:00;NOK;77;20,86;20,86;0,01
T810;STM-1A1036;SJPC-30;T810 00I;DIA NORMAL;LABFUEPUNMAN;31/07/2026 11:43:36;01-01-1900 00:00:00; -04:00;00:34:42;00:00:00 - 00:00:00;NOK;77;0,69;8,10;0,21
T810;STM-1E3054;STGZ-85;T810 00I;DIA NORMAL;LABTRANOC;31/07/2026 06:10:27;31-07-2026 06:11:27; -04:00;00:01:00;00:00:00 - 00:00:00;NOK;90;20,79;20,87;0,08
T810;STM-1E3060;STHB-62;T810 00I;DIA NORMAL;LABTRANOC;31/07/2026 05:59:58;31-07-2026 07:02:28; -04:00;01:02:30;00:00:00 - 00:00:00;NOK;90;0,43;20,60;0,32
T810;STM-1E3060;STHB-62;T810 00I;DIA NORMAL;LABPUNMAN;31/07/2026 07:17:59;31-07-2026 09:00:31; -04:00;01:42:32;00:00:00 - 00:00:00;NOK;90;0,41;20,60;0,20
T810;STM-1E3060;STHB-62;T810 00I;DIA NORMAL;LABTRAPUNMAN;31/07/2026 09:17:01;31-07-2026 10:40:25; -04:00;01:23:24;00:00:00 - 00:00:00;NOK;90;0,40;20,60;0,24
T810;STM-1E3091;STHJ-81;T810 00I;DIA NORMAL;LABTRANOC;31/07/2026 05:45:38;31-07-2026 06:39:39; -04:00;00:54:01;00:00:00 - 00:00:00;NOK;90;0,54;20,73;0,37
T810;STM-1E3091;STHJ-81;T810 00I;DIA NORMAL;LABPUNMAN;31/07/2026 06:54:17;31-07-2026 08:23:18; -04:00;01:29:01;00:00:00 - 00:00:00;NOK;90;0,41;20,55;0,23
T810;STM-1E3091;STHJ-81;T810 00I;DIA NORMAL;LABTRAPUNMAN;31/07/2026 08:41:33;31-07-2026 10:01:04; -04:00;01:19:31;00:00:00 - 00:00:00;NOK;90;0,44;20,62;0,25
T810;STM-1E3094;STHJ-98;T810 00I;DIA NORMAL;LABPRENOC;30/07/2026 23:29:36;31-07-2026 00:21:37; -04:00;00:52:01;00:00:00 - 00:00:00;NOK;90;14,16;20,69;0,39
T810;STM-1E3094;STHJ-98;T810 00I;DIA NORMAL;LABPUNMAN;31/07/2026 06:30:26;31-07-2026 07:32:29; -04:00;01:02:03;00:00:00 - 00:00:00;NOK;90;0,68;20,60;0,32
T810;STM-1E3094;STHJ-98;T810 00I;DIA NORMAL;LABPUNMAN;31/07/2026 07:46:28;31-07-2026 09:15:29; -04:00;01:29:01;00:00:00 - 00:00:00;NOK;90;0,46;20,60;0,23
T810;STM-1E3117;STHP-12;T810 00I;DIA NORMAL;LABPRENOC;30/07/2026 23:51:14;31-07-2026 00:43:46; -04:00;00:52:32;00:00:00 - 00:00:00;NOK;90;6,30;20,72;0,37
T810;STM-1E3120;STHR-18;T810 00I;DIA NORMAL;LABFUEPUNMAN;31/07/2026 10:46:23;01-01-1900 00:00:00; -04:00;01:35:01;00:00:00 - 00:00:00;NOK;90;0,42;20,58;0,21
T810;STM-1E3124;STHR-60;T810 00I;DIA NORMAL;LABTRANOC;31/07/2026 05:30:23;31-07-2026 06:17:53; -04:00;00:47:30;00:00:00 - 00:00:00;NOK;90;0,48;20,59;0,42
T810;STM-1E3124;STHR-60;T810 00I;DIA NORMAL;LABPUNMAN;31/07/2026 06:31:24;31-07-2026 07:34:55; -04:00;01:03:31;00:00:00 - 00:00:00;NOK;90;0,50;20,60;0,32
T810;STM-1E3130;TXZH-30;T810 00I;DIA NORMAL;LABPRENOC;30/07/2026 23:09:28;31-07-2026 00:06:00; -04:00;00:56:32;00:00:00 - 00:00:00;NOK;90;20,02;20,64;0,31
T812;SM-1C4066;SJPF-88;T812 00I;DIA NORMAL;LABFUEPUNMAN;31/07/2026 10:58:22;01-01-1900 00:00:00; -04:00;01:25:09;00:00:00 - 00:00:00;NOK;156;0,55;20,27;0,23
T812;CO-1E3008;SJTD-65;T812 00I;DIA NORMAL;LABTRANOC;31/07/2026 05:58:06;31-07-2026 07:04:40; -04:00;01:06:34;00:00:00 - 00:00:00;NOK;90;0,48;21,69;0,32
T812;CO-1E3008;SJTD-65;T812 00R;DIA NORMAL;LABPUNMAN;31/07/2026 07:11:40;31-07-2026 08:28:12; -04:00;01:16:32;00:00:00 - 00:00:00;NOK;90;0,49;21,35;0,27
T812;CO-1E3008;SJTD-65;T812 00I;DIA NORMAL;LABTRAPUNMAN;31/07/2026 08:39:43;31-07-2026 09:50:44; -04:00;01:11:01;00:00:00 - 00:00:00;NOK;90;0,55;21,78;0,30
T812;CO-1E3008;SJTD-65;T812 00R;DIA NORMAL;LABFUEPUNMAN;31/07/2026 10:30:46;01-01-1900 00:00:00; -04:00;01:05:31;00:00:00 - 00:00:00;NOK;90;0,44;21,36;0,32
T812;CO-1E3009;SJTD-66;T812 00I;DIA NORMAL;LABTRANOC;31/07/2026 06:20:23;31-07-2026 07:29:25; -04:00;01:09:02;00:00:00 - 00:00:00;NOK;90;0,55;21,66;0,31
T812;CO-1E3009;SJTD-66;T812 00R;DIA NORMAL;LABPUNMAN;31/07/2026 07:41:26;31-07-2026 09:01:27; -04:00;01:20:01;00:00:00 - 00:00:00;NOK;90;0,49;21,34;0,26
T812;CO-1E3009;SJTD-66;T812 00I;DIA NORMAL;LABTRAPUNMAN;31/07/2026 09:21:57;31-07-2026 10:28:29; -04:00;01:06:32;00:00:00 - 00:00:00;NOK;90;0,56;21,60;0,32
T812;CO-1E3009;SJTD-66;T812 00R;DIA NORMAL;LABFUEPUNMAN;31/07/2026 11:07:00;01-01-1900 00:00:00; -04:00;01:01:30;00:00:00 - 00:00:00;NOK;90;0,64;21,35;0,34
T812;CO-1E3011;SKHF-84;T812 00I;DIA NORMAL;LABNOC;31/07/2026 05:26:36;31-07-2026 06:26:07; -04:00;00:59:31;00:00:00 - 00:00:00;NOK;90;0,43;21,62;0,36
T812;CO-1E3011;SKHF-84;T812 00R;DIA NORMAL;LABPUNMAN;31/07/2026 06:33:07;31-07-2026 07:44:08; -04:00;01:11:01;00:00:00 - 00:00:00;NOK;90;0,52;21,37;0,29
T812;CO-1E3011;SKHF-84;T812 00I;DIA NORMAL;LABTRAPUNMAN;31/07/2026 08:13:39;31-07-2026 09:32:11; -04:00;01:18:32;00:00:00 - 00:00:00;NOK;90;0,54;21,78;0,27
T812;CO-1E3011;SKHF-84;T812 00R;DIA NORMAL;LABFUEPUNMAN;31/07/2026 10:08:41;31-07-2026 11:17:42; -04:00;01:09:01;00:00:00 - 00:00:00;NOK;90;0,50;21,34;0,30
T812;CO-1E3012;SKHF-87;T812 00I;DIA NORMAL;LABPUNMAN;31/07/2026 06:30:39;31-07-2026 07:47:09; -04:00;01:16:30;00:00:00 - 00:00:00;NOK;90;0,48;21,59;0,28
T812;CO-1E3012;SKHF-87;T812 00R;DIA NORMAL;LABPUNMAN;31/07/2026 07:57:40;31-07-2026 09:17:43; -04:00;01:20:03;00:00:00 - 00:00:00;NOK;90;0,44;21,46;0,26
T812;CO-1E3012;SKHF-87;T812 00I;DIA NORMAL;LABFUEPUNMAN;31/07/2026 09:52:43;31-07-2026 11:00:45; -04:00;01:08:02;00:00:00 - 00:00:00;NOK;90;0,41;21,77;0,31
T812;CO-1E3012;SKHF-87;T812 00R;DIA NORMAL;LABFUEPUNMAN;31/07/2026 11:31:45;01-01-1900 00:00:00; -04:00;00:47:06;00:00:00 - 00:00:00;NOK;90;0,58;14,09;0,29
T812;CO-1E3013;SKHF-91;T812 00I;DIA NORMAL;LABFUEPUNMAN;31/07/2026 11:18:51;01-01-1900 00:00:00; -04:00;00:56:53;00:00:00 - 00:00:00;NOK;90;0,51;18,08;0,31
T812;CO-1E3014;SKHF-92;T812 00I;DIA NORMAL;LABFUEPUNMAN;31/07/2026 11:59:07;01-01-1900 00:00:00; -04:00;00:24:41;00:00:00 - 00:00:00;NOK;90;0,41;8,14;0,31
T812;CO-1E3017;SKHG-20;T812 00R;DIA NORMAL;LABFUEPUNMAN;31/07/2026 09:30:26;31-07-2026 10:39:57; -04:00;01:09:31;00:00:00 - 00:00:00;NOK;90;0,44;21,40;0,30
T812;CO-1E3019;SKHG-37;T812 00I;DIA NORMAL;LABTRANOC;31/07/2026 05:37:32;31-07-2026 06:46:33; -04:00;01:09:01;00:00:00 - 00:00:00;NOK;90;0,50;21,71;0,31
T812;CO-1E3019;SKHG-37;T812 00R;DIA NORMAL;LABPUNMAN;31/07/2026 06:51:33;31-07-2026 08:22:34; -04:00;01:31:01;00:00:00 - 00:00:00;NOK;90;0,47;21,36;0,23
T812;CO-1E3019;SKHG-37;T812 00I;DIA NORMAL;LABTRAPUNMAN;31/07/2026 08:56:05;31-07-2026 10:09:38; -04:00;01:13:33;00:00:00 - 00:00:00;NOK;90;0,55;21,74;0,29
T812;CO-1E3019;SKHG-37;T812 00R;DIA NORMAL;LABFUEPUNMAN;31/07/2026 10:44:08;01-01-1900 00:00:00; -04:00;01:08:01;00:00:00 - 00:00:00;NOK;90;0,44;21,36;0,31
T812;CO-1E3025;SKHG-57;T812 00I;DIA NORMAL;LABFUEPUNMAN;31/07/2026 10:27:09;01-01-1900 00:00:00; -04:00;01:10:01;00:00:00 - 00:00:00;NOK;90;0,48;21,76;0,30
T812;CO-1E3025;SKHG-57;T812 00R;DIA NORMAL;LABFUEPUNMAN;31/07/2026 11:55:40;01-01-1900 00:00:00; -04:00;00:23:46;00:00:00 - 00:00:00;NOK;90;0,70;8,07;0,31
T812;CO-1E3038;SKHG-90;T812 00R;DIA NORMAL;LABPRENOC;31/07/2026 00:01:32;31-07-2026 00:45:02; -04:00;00:43:30;00:00:00 - 00:00:00;NOK;90;0,42;21,41;0,48
T812;STM-1B3048;SPZX-51;T812 00I;DIA NORMAL;LABNOC;31/07/2026 05:01:58;31-07-2026 05:47:59; -04:00;00:46:01;00:00:00 - 00:00:00;NOK;90;0,46;21,71;0,46
T812;STM-1B3048;SPZX-51;T812 00R;DIA NORMAL;LABTRANOC;31/07/2026 06:10:58;31-07-2026 07:14:29; -04:00;01:03:31;00:00:00 - 00:00:00;NOK;90;0,52;21,34;0,33
T812;STM-1B3048;SPZX-51;T812 00I;DIA NORMAL;LABPUNMAN;31/07/2026 07:43:59;31-07-2026 09:03:01; -04:00;01:19:02;00:00:00 - 00:00:00;NOK;90;0,58;21,74;0,27
T812;STM-1B3048;SPZX-51;T812 00R;DIA NORMAL;LABFUEPUNMAN;31/07/2026 09:42:45;31-07-2026 10:54:47; -04:00;01:12:02;00:00:00 - 00:00:00;NOK;90;0,63;21,34;0,29
T812;STM-1E3059;STHB-50;T812 00I;DIA NORMAL;LABPRENOC;30/07/2026 23:32:41;31-07-2026 00:22:43; -04:00;00:50:02;00:00:00 - 00:00:00;NOK;90;12,20;21,67;0,42
T812;STM-1E3059;STHB-50;T812 00R;DIA NORMAL;LABPRENOC;31/07/2026 00:31:43;31-07-2026 01:15:14; -04:00;00:43:31;00:00:00 - 00:00:00;NOK;90;0,65;21,40;0,48
T812;STM-1E3059;STHB-50;T812 00I;DIA NORMAL;LABPUNMAN;31/07/2026 06:49:01;31-07-2026 08:21:33; -04:00;01:32:32;00:00:00 - 00:00:00;NOK;90;0,48;21,59;0,23
T812;STM-1E3059;STHB-50;T812 00R;DIA NORMAL;LABTRAPUNMAN;31/07/2026 08:41:04;31-07-2026 09:55:36; -04:00;01:14:32;00:00:00 - 00:00:00;NOK;90;0,42;21,40;0,28
T812;STM-1E3059;STHB-50;T812 00I;DIA NORMAL;LABFUEPUNMAN;31/07/2026 10:07:06;31-07-2026 11:07:37; -04:00;01:00:31;00:00:00 - 00:00:00;NOK;90;0,56;21,63;0,35
T812;STM-1E3059;STHB-50;T812 00R;DIA NORMAL;LABFUEPUNMAN;31/07/2026 11:19:37;01-01-1900 00:00:00; -04:00;00:56:02;00:00:00 - 00:00:00;NOK;90;0,71;21,34;0,37
T812;STM-1E3065;STHD-21;T812 00I;DIA NORMAL;LABNOC;31/07/2026 04:41:48;31-07-2026 05:26:20; -04:00;00:44:32;00:00:00 - 00:00:00;NOK;90;0,52;21,78;0,48
T812;STM-1E3065;STHD-21;T812 00R;DIA NORMAL;LABTRANOC;31/07/2026 05:51:21;31-07-2026 06:54:24; -04:00;01:03:03;00:00:00 - 00:00:00;NOK;90;0,76;21,36;0,33
T812;STM-1E3065;STHD-21;T812 00I;DIA NORMAL;LABPUNMAN;31/07/2026 07:13:24;31-07-2026 08:45:26; -04:00;01:32:02;00:00:00 - 00:00:00;NOK;90;0,48;21,63;0,23
T812;STM-1E3065;STHD-21;T812 00R;DIA NORMAL;LABTRAPUNMAN;31/07/2026 09:08:27;31-07-2026 10:15:58; -04:00;01:07:31;00:00:00 - 00:00:00;NOK;90;0,74;21,36;0,31
T812;STM-1E3065;STHD-21;T812 00I;DIA NORMAL;LABFUEPUNMAN;31/07/2026 11:26:00;01-01-1900 00:00:00; -04:00;00:53:36;00:00:00 - 00:00:00;NOK;90;0,45;16,11;0,29
T812;STM-1E3071;STHF-13;T812 00R;DIA NORMAL;LABTRAPUNMAN;31/07/2026 08:35:08;31-07-2026 09:55:40; -04:00;01:20:32;00:00:00 - 00:00:00;NOK;90;0,42;21,36;0,26
T812;STM-1E3077;STHF-49;T812 00I;DIA NORMAL;LABNOC;31/07/2026 04:01:24;31-07-2026 04:46:26; -04:00;00:45:02;00:00:00 - 00:00:00;NOK;90;0,49;21,83;0,47
T812;STM-1E3077;STHF-49;T812 00R;DIA NORMAL;LABTRANOC;31/07/2026 05:30:57;31-07-2026 06:32:28; -04:00;01:01:31;00:00:00 - 00:00:00;NOK;90;0,47;21,34;0,34
T812;STM-1E3077;STHF-49;T812 00I;DIA NORMAL;LABPUNMAN;31/07/2026 06:57:58;31-07-2026 08:37:29; -04:00;01:39:31;00:00:00 - 00:00:00;NOK;90;0,57;21,70;0,21
T812;STM-1E3077;STHF-49;T812 00R;DIA NORMAL;LABTRAPUNMAN;31/07/2026 08:55:29;31-07-2026 10:14:31; -04:00;01:19:02;00:00:00 - 00:00:00;NOK;90;0,53;21,42;0,26
T812;STM-1E3077;STHF-49;T812 00I;DIA NORMAL;LABFUEPUNMAN;31/07/2026 11:37:55;01-01-1900 00:00:00; -04:00;00:46:02;00:00:00 - 00:00:00;NOK;90;0,52;12,00;0,25
T812;STM-1E3081;STHF-76;T812 00I;DIA NORMAL;LABTRAPUNMAN;31/07/2026 08:23:58;31-07-2026 09:45:31; -04:00;01:21:33;00:00:00 - 00:00:00;NOK;90;0,41;21,59;0,26
T812;STM-1E3081;STHF-76;T812 00R;DIA NORMAL;LABFUEPUNMAN;31/07/2026 10:20:01;01-01-1900 00:00:00; -04:00;01:10:31;00:00:00 - 00:00:00;NOK;90;0,41;21,41;0,30
T812;CO-1E3134;TXZH-34;T812 00I;DIA NORMAL;LABNOC;31/07/2026 04:53:34;31-07-2026 05:38:34; -04:00;00:45:00;00:00:00 - 00:00:00;NOK;90;0,56;21,60;0,47
T812;CO-1E3134;TXZH-34;T812 00R;DIA NORMAL;LABTRANOC;31/07/2026 06:02:35;31-07-2026 07:10:36; -04:00;01:08:01;00:00:00 - 00:00:00;NOK;90;0,58;21,34;0,31
T812;CO-1E3134;TXZH-34;T812 00I;DIA NORMAL;LABPUNMAN;31/07/2026 07:28:06;31-07-2026 08:48:37; -04:00;01:20:31;00:00:00 - 00:00:00;NOK;90;0,49;21,74;0,26
T812;CO-1E3134;TXZH-34;T812 00R;DIA NORMAL;LABTRAPUNMAN;31/07/2026 09:19:37;31-07-2026 10:36:09; -04:00;01:16:32;00:00:00 - 00:00:00;NOK;90;0,69;21,35;0,27
T812;CO-1E3134;TXZH-34;T812 00I;DIA NORMAL;LABFUEPUNMAN;31/07/2026 12:12:11;01-01-1900 00:00:00; -04:00;00:06:39;00:00:00 - 00:00:00;NOK;90;0,45;2,12;0,25
T812;CO-1E3135;TXZH-35;T812 00R;DIA NORMAL;LABPRENOC;30/07/2026 23:40:57;31-07-2026 00:17:27; -04:00;00:36:30;00:00:00 - 00:00:00;NOK;90;14,10;21,39;0,50
T812;CO-1E3136;TXZH-36;T812 00I;DIA NORMAL;LABNOC;31/07/2026 05:12:51;31-07-2026 06:04:22; -04:00;00:51:31;00:00:00 - 00:00:00;NOK;90;0,57;21,78;0,41
T812;CO-1E3136;TXZH-36;T812 00R;DIA NORMAL;LABTRANOC;31/07/2026 06:21:22;31-07-2026 07:33:54; -04:00;01:12:32;00:00:00 - 00:00:00;NOK;90;0,63;21,34;0,29
T812;CO-1E3136;TXZH-36;T812 00I;DIA NORMAL;LABPUNMAN;31/07/2026 07:57:54;31-07-2026 09:20:27; -04:00;01:22:33;00:00:00 - 00:00:00;NOK;90;0,48;21,78;0,26
T812;CO-1E3136;TXZH-36;T812 00R;DIA NORMAL;LABFUEPUNMAN;31/07/2026 09:55:58;31-07-2026 11:09:59; -04:00;01:14:01;00:00:00 - 00:00:00;NOK;90;0,53;21,41;0,28
T812;CO-1E3137;TXZH-37;T812 00I;DIA NORMAL;LABNOC;31/07/2026 04:31:54;31-07-2026 05:10:54; -04:00;00:39:00;00:00:00 - 00:00:00;NOK;90;0,59;21,73;0,54
T812;CO-1E3137;TXZH-37;T812 00R;DIA NORMAL;LABTRANOC;31/07/2026 05:41:54;31-07-2026 06:38:55; -04:00;00:57:01;00:00:00 - 00:00:00;NOK;90;0,51;21,34;0,37
T812;CO-1E3137;TXZH-37;T812 00R;DIA NORMAL;LABPUNMAN;31/07/2026 07:47:26;31-07-2026 09:08:57; -04:00;01:21:31;00:00:00 - 00:00:00;NOK;90;0,53;21,37;0,26
T812;CO-1E3137;TXZH-37;T812 00I;DIA NORMAL;LABFUEPUNMAN;31/07/2026 09:37:27;31-07-2026 10:58:28; -04:00;01:21:01;00:00:00 - 00:00:00;NOK;90;0,46;21,71;0,26
T812;CO-1E3137;TXZH-37;T812 00R;DIA NORMAL;LABFUEPUNMAN;31/07/2026 11:42:59;01-01-1900 00:00:00; -04:00;00:40:20;00:00:00 - 00:00:00;NOK;90;0,51;12,04;0,29
T812;CO-1E3139;TXZH-39;T812 00I;DIA NORMAL;LABTRANOC;31/07/2026 05:48:56;31-07-2026 06:47:57; -04:00;00:59:01;00:00:00 - 00:00:00;NOK;90;0,61;21,62;0,36
T812;CO-1E3139;TXZH-39;T812 00R;DIA NORMAL;LABPUNMAN;31/07/2026 07:00:57;31-07-2026 08:19:28; -04:00;01:18:31;00:00:00 - 00:00:00;NOK;90;0,60;21,38;0,26
T812;CO-1E3140;TXZK-38;T812 00I;DIA NORMAL;LABTRANOC;31/07/2026 06:07:04;31-07-2026 07:11:35; -04:00;01:04:31;00:00:00 - 00:00:00;NOK;90;0,41;21,74;0,33
T812;CO-1E3140;TXZK-38;T812 00R;DIA NORMAL;LABPUNMAN;31/07/2026 07:25:35;31-07-2026 08:51:37; -04:00;01:26:02;00:00:00 - 00:00:00;NOK;90;0,72;21,37;0,24
T812;CO-1E3140;TXZK-38;T812 00I;DIA NORMAL;LABTRAPUNMAN;31/07/2026 09:07:37;31-07-2026 10:20:08; -04:00;01:12:31;00:00:00 - 00:00:00;NOK;90;0,51;21,67;0,29
T812;CO-1E3140;TXZK-38;T812 00R;DIA NORMAL;LABFUEPUNMAN;31/07/2026 10:56:09;01-01-1900 00:00:00; -04:00;01:18:31;00:00:00 - 00:00:00;NOK;90;0,49;21,37;0,27
T812;VTFK-64;VTFK-64;T812 00I;DIA NORMAL;LABFUEPUNMAN;31/07/2026 10:46:26;01-01-1900 00:00:00; -04:00;01:21:01;00:00:00 - 00:00:00;NOK;90;0,54;21,77;0,26
T812;VTFK-64;VTFK-64;T812 00R;DIA NORMAL;LABFUEPUNMAN;31/07/2026 12:11:57;01-01-1900 00:00:00; -04:00;00:08:19;00:00:00 - 00:00:00;NOK;90;0,60;4,06;0,42
T813;CO-1B2109;LDJW-46;T813 00I;DIA NORMAL;LABPUNMAN;31/07/2026 07:36:10;31-07-2026 09:14:50; -04:00;01:38:40;00:00:00 - 00:00:00;NOK;95;0,59;21,93;0,22
T813;CO-1B2109;LDJW-46;T813 00I;DIA NORMAL;LABTRAPUNMAN;31/07/2026 09:22:50;31-07-2026 10:34:52; -04:00;01:12:02;00:00:00 - 00:00:00;NOK;95;0,56;21,96;0,30
T813;CO-1B2109;LDJW-46;T813 00I;DIA NORMAL;LABFUEPUNMAN;31/07/2026 10:46:52;01-01-1900 00:00:00; -04:00;01:09:32;00:00:00 - 00:00:00;NOK;95;0,55;21,95;0,31
T813;CO-1B2109;LDJW-46;T813 00I;DIA NORMAL;LABFUEPUNMAN;31/07/2026 12:07:24;01-01-1900 00:00:00; -04:00;00:10:24;00:00:00 - 00:00:00;NOK;95;0,57;4,05;0,33
T813;STM-1E3055;STHB-12;T813 00I;DIA NORMAL;LABPUNMAN;31/07/2026 07:29:00;31-07-2026 08:50:32; -04:00;01:21:32;00:00:00 - 00:00:00;NOK;90;0,60;21,95;0,26
T813;STM-1E3055;STHB-12;T813 00I;DIA NORMAL;LABTRAPUNMAN;31/07/2026 09:11:02;31-07-2026 09:57:32; -04:00;00:46:30;00:00:00 - 00:00:00;NOK;90;0,60;21,86;0,46
T813;STM-1E3055;STHB-12;T813 00I;DIA NORMAL;LABFUEPUNMAN;31/07/2026 10:36:03;01-01-1900 00:00:00; -04:00;00:45:00;00:00:00 - 00:00:00;NOK;90;0,61;22,06;0,48
T813;STM-1E3055;STHB-12;T813 00I;DIA NORMAL;LABFUEPUNMAN;31/07/2026 11:56:34;01-01-1900 00:00:00; -04:00;00:27:40;00:00:00 - 00:00:00;NOK;90;0,60;12,12;0,42
T813;STM-1E3062;STHC-51;T813 00I;DIA NORMAL;LABTRANOC;31/07/2026 06:00:54;31-07-2026 06:55:54; -04:00;00:55:00;00:00:00 - 00:00:00;NOK;90;0,55;21,92;0,39
T813;STM-1E3062;STHC-51;T813 00I;DIA NORMAL;LABPUNMAN;31/07/2026 07:21:55;31-07-2026 08:48:26; -04:00;01:26:31;00:00:00 - 00:00:00;NOK;90;0,51;21,90;0,25
T813;STM-1E3062;STHC-51;T813 00I;DIA NORMAL;LABTRAPUNMAN;31/07/2026 08:54:56;31-07-2026 09:57:27; -04:00;01:02:31;00:00:00 - 00:00:00;NOK;90;0,52;21,94;0,34
T813;STM-1E3062;STHC-51;T813 00I;DIA NORMAL;LABFUEPUNMAN;31/07/2026 10:26:27;31-07-2026 11:16:28; -04:00;00:50:01;00:00:00 - 00:00:00;NOK;90;0,54;21,96;0,43
T813;STM-1E3078;STHF-54;T813 00I;DIA NORMAL;LABTRANOC;31/07/2026 05:39:39;31-07-2026 06:33:10; -04:00;00:53:31;00:00:00 - 00:00:00;NOK;90;0,60;21,83;0,40
T813;STM-1E3078;STHF-54;T813 00I;DIA NORMAL;LABPUNMAN;31/07/2026 06:53:31;31-07-2026 08:17:04; -04:00;01:23:33;00:00:00 - 00:00:00;NOK;90;0,52;21,84;0,26
T813;STM-1E3078;STHF-54;T813 00I;DIA NORMAL;LABTRAPUNMAN;31/07/2026 08:21:34;31-07-2026 08:42:03; -04:00;00:20:29;00:00:00 - 00:00:00;NOK;90;0,59;8,01;0,36
T813;STM-1E3082;STHF-77;T813 00I;DIA NORMAL;LABNOC;31/07/2026 05:29:48;31-07-2026 06:17:19; -04:00;00:47:31;00:00:00 - 00:00:00;NOK;90;0,57;21,84;0,45
T813;STM-1E3082;STHF-77;T813 00I;DIA NORMAL;LABPUNMAN;31/07/2026 06:35:51;31-07-2026 07:39:53; -04:00;01:04:02;00:00:00 - 00:00:00;NOK;90;0,81;21,92;0,33
T813;STM-1E3082;STHF-77;T813 00I;DIA NORMAL;LABPUNMAN;31/07/2026 07:58:54;31-07-2026 09:19:26; -04:00;01:20:32;00:00:00 - 00:00:00;NOK;90;0,53;21,98;0,27
T813;STM-1E3082;STHF-77;T813 00I;DIA NORMAL;LABFUEPUNMAN;31/07/2026 12:16:36;01-01-1900 00:00:00; -04:00;00:03:11;00:00:00 - 00:00:00;NOK;90;0,72;2,14;0,45
T813;STM-1E3094;STHJ-98;T813 00I;DIA NORMAL;LABFUEPUNMAN;31/07/2026 11:46:35;01-01-1900 00:00:00; -04:00;00:36:24;00:00:00 - 00:00:00;NOK;90;0,59;12,01;0,31
T813;STM-1E3096;STHK-10;T813 00I;DIA NORMAL;LABTRANOC;31/07/2026 06:17:17;31-07-2026 07:27:19; -04:00;01:10:02;00:00:00 - 00:00:00;NOK;90;0,53;21,92;0,31
T813;STM-1E3096;STHK-10;T813 00I;DIA NORMAL;LABPUNMAN;31/07/2026 07:46:50;31-07-2026 09:18:51; -04:00;01:32:01;00:00:00 - 00:00:00;NOK;90;0,51;21,87;0,23
T813;STM-1E3096;STHK-10;T813 00I;DIA NORMAL;LABFUEPUNMAN;31/07/2026 09:39:51;31-07-2026 10:34:52; -04:00;00:55:01;00:00:00 - 00:00:00;NOK;90;0,60;21,86;0,39
T813;STM-1E3096;STHK-10;T813 00I;DIA NORMAL;LABFUEPUNMAN;31/07/2026 11:06:52;01-01-1900 00:00:00; -04:00;01:01:01;00:00:00 - 00:00:00;NOK;90;0,54;21,93;0,35
T813;STM-1E3098;STHK-13;T813 00I;DIA NORMAL;LABPRENOC;30/07/2026 23:21:15;31-07-2026 00:12:46; -04:00;00:51:31;00:00:00 - 00:00:00;NOK;90;18,09;21,90;0,36
T813;STM-1E3102;STHK-36;T813 00I;DIA NORMAL;LABTRANOC;31/07/2026 06:10:26;31-07-2026 07:26:57; -04:00;01:16:31;00:00:00 - 00:00:00;NOK;90;0,52;21,94;0,28
T813;STM-1E3102;STHK-36;T813 00I;DIA NORMAL;LABPUNMAN;31/07/2026 07:40:28;31-07-2026 09:18:59; -04:00;01:38:31;00:00:00 - 00:00:00;NOK;90;0,55;21,96;0,22
T813;STM-1E3102;STHK-36;T813 00I;DIA NORMAL;LABFUEPUNMAN;31/07/2026 09:30:29;31-07-2026 10:34:30; -04:00;01:04:01;00:00:00 - 00:00:00;NOK;90;0,60;21,89;0,33
T813;STM-1E3102;STHK-36;T813 00I;DIA NORMAL;LABFUEPUNMAN;31/07/2026 10:57:30;01-01-1900 00:00:00; -04:00;01:08:01;00:00:00 - 00:00:00;NOK;90;0,56;21,92;0,31
T813;STM-1E3106;STHK-62;T813 00I;DIA NORMAL;LABPUNMAN;31/07/2026 07:08:12;31-07-2026 08:32:44; -04:00;01:24:32;00:00:00 - 00:00:00;NOK;90;0,57;21,97;0,25
T813;STM-1E3106;STHK-62;T813 00I;DIA NORMAL;LABTRAPUNMAN;31/07/2026 08:37:14;31-07-2026 09:35:14; -04:00;00:58:00;00:00:00 - 00:00:00;NOK;90;0,60;21,92;0,37
T813;STM-1E3106;STHK-62;T813 00I;DIA NORMAL;LABFUEPUNMAN;31/07/2026 09:56:44;31-07-2026 10:50:45; -04:00;00:54:01;00:00:00 - 00:00:00;NOK;90;0,59;21,85;0,39
T813;STM-1E3106;STHK-62;T813 00I;DIA NORMAL;LABFUEPUNMAN;31/07/2026 11:25:46;01-01-1900 00:00:00; -04:00;00:53:01;00:00:00 - 00:00:00;NOK;90;0,59;21,83;0,40
T813;STM-1E3109;STHL-11;T813 00I;DIA NORMAL;LABTRANOC;31/07/2026 06:24:38;31-07-2026 07:27:09; -04:00;01:02:31;00:00:00 - 00:00:00;NOK;90;0,60;21,84;0,34
T813;STM-1E3109;STHL-11;T813 00I;DIA NORMAL;LABPUNMAN;31/07/2026 07:56:10;31-07-2026 09:19:13; -04:00;01:23:03;00:00:00 - 00:00:00;NOK;90;0,59;21,90;0,26
T813;STM-1E3109;STHL-11;T813 00I;DIA NORMAL;LABFUEPUNMAN;31/07/2026 09:46:43;31-07-2026 10:35:14; -04:00;00:48:31;00:00:00 - 00:00:00;NOK;90;0,60;22,02;0,44
T813;STM-1E3109;STHL-11;T813 00I;DIA NORMAL;LABFUEPUNMAN;31/07/2026 11:16:44;01-01-1900 00:00:00; -04:00;00:52:31;00:00:00 - 00:00:00;NOK;90;0,60;22,05;0,41
T813;STM-1E3111;STHL-29;T813 00I;DIA NORMAL;LABTRANOC;31/07/2026 05:53:53;31-07-2026 06:52:54; -04:00;00:59:01;00:00:00 - 00:00:00;NOK;90;0,58;21,93;0,36
T813;STM-1E3111;STHL-29;T813 00I;DIA NORMAL;LABPUNMAN;31/07/2026 07:15:24;31-07-2026 08:49:56; -04:00;01:34:32;00:00:00 - 00:00:00;NOK;90;0,49;21,93;0,23
T813;STM-1E3111;STHL-29;T813 00I;DIA NORMAL;LABTRAPUNMAN;31/07/2026 08:59:57;31-07-2026 09:55:58; -04:00;00:56:01;00:00:00 - 00:00:00;NOK;90;0,60;21,94;0,38
T813;STM-1E3111;STHL-29;T813 00I;DIA NORMAL;LABFUEPUNMAN;31/07/2026 10:16:58;31-07-2026 11:13:00; -04:00;00:56:02;00:00:00 - 00:00:00;NOK;90;0,59;21,85;0,38
T813;STM-1E3115;STHL-51;T813 00I;DIA NORMAL;LABPUNMAN;31/07/2026 07:01:23;31-07-2026 08:34:54; -04:00;01:33:31;00:00:00 - 00:00:00;NOK;90;0,53;21,92;0,23
T813;STM-1E3115;STHL-51;T813 00I;DIA NORMAL;LABTRAPUNMAN;31/07/2026 08:44:25;31-07-2026 09:35:55; -04:00;00:51:30;00:00:00 - 00:00:00;NOK;90;0,58;21,85;0,41
T813;STM-1E3115;STHL-51;T813 00I;DIA NORMAL;LABFUEPUNMAN;31/07/2026 10:06:26;31-07-2026 10:59:26; -04:00;00:53:00;00:00:00 - 00:00:00;NOK;90;0,60;21,93;0,40
T813;STM-1E3115;STHL-51;T813 00I;DIA NORMAL;LABFUEPUNMAN;31/07/2026 11:36:27;01-01-1900 00:00:00; -04:00;00:42:23;00:00:00 - 00:00:00;NOK;90;0,56;16,11;0,37
T813;STM-1E3123;STHR-46;T813 00I;DIA NORMAL;LABTRANOC;31/07/2026 05:46:28;31-07-2026 06:30:59; -04:00;00:44:31;00:00:00 - 00:00:00;NOK;90;0,60;22,02;0,48
T813;STM-1E3123;STHR-46;T813 00I;DIA NORMAL;LABPUNMAN;31/07/2026 06:44:29;31-07-2026 07:51:01; -04:00;01:06:32;00:00:00 - 00:00:00;NOK;90;0,59;21,83;0,32
T813;STM-1E3123;STHR-46;T813 00I;DIA NORMAL;LABTRAPUNMAN;31/07/2026 08:10:31;31-07-2026 09:22:32; -04:00;01:12:01;00:00:00 - 00:00:00;NOK;90;0,60;21,89;0,30
T813;STM-1E3129;TXZH-28;T813 00I;DIA NORMAL;LABPRENOC;30/07/2026 23:40:59;31-07-2026 00:26:59; -04:00;00:46:00;00:00:00 - 00:00:00;NOK;90;12,17;21,87;0,41
T816;STM-1B2001;FLXS-44;T816 00I;DIA NORMAL;LABPUNMAN;31/07/2026 07:49:48;31-07-2026 08:21:20; -04:00;00:31:32;00:00:00 - 00:00:00;NOK;90;0,46;7,81;0,23
T816;STM-1B2001;FLXS-44;T816 06R;DIA NORMAL;LABTRAPUNMAN;31/07/2026 08:56:51;31-07-2026 09:19:51; -04:00;00:23:00;00:00:00 - 00:00:00;NOK;90;0,62;7,99;0,32
T816;STM-1B2001;FLXS-44;T816 00I;DIA NORMAL;LABFUEPUNMAN;31/07/2026 10:00:21;31-07-2026 10:22:52; -04:00;00:22:31;00:00:00 - 00:00:00;NOK;90;0,61;8,08;0,33
T816;STM-1B2001;FLXS-44;T816 06R;DIA NORMAL;LABFUEPUNMAN;31/07/2026 10:37:52;31-07-2026 11:03:52; -04:00;00:26:00;00:00:00 - 00:00:00;NOK;90;0,49;8,01;0,29
T816;CO-1B2081;LDJP-70;T816 06R;DIA NORMAL;LABFUEPUNMAN;31/07/2026 11:58:45;01-01-1900 00:00:00; -04:00;00:20:40;00:00:00 - 00:00:00;NOK;95;1,23;6,15;0,24
T816;CO-1B2086;LDJV-44;T816 00I;DIA NORMAL;LABPUNMAN;31/07/2026 07:43:24;31-07-2026 08:19:54; -04:00;00:36:30;00:00:00 - 00:00:00;NOK;95;0,45;8,00;0,21
T816;CO-1B2086;LDJV-44;T816 06R;DIA NORMAL;LABTRAPUNMAN;31/07/2026 09:02:25;31-07-2026 09:29:55; -04:00;00:27:30;00:00:00 - 00:00:00;NOK;95;0,42;8,10;0,28
T816;CO-1B2086;LDJV-44;T816 00I;DIA NORMAL;LABFUEPUNMAN;31/07/2026 11:41:28;01-01-1900 00:00:00; -04:00;00:26:01;00:00:00 - 00:00:00;NOK;95;0,55;7,96;0,28
T816;CO-1B2101;LDJW-38;T816 06R;DIA NORMAL;LABTRAPUNMAN;31/07/2026 08:30:30;31-07-2026 08:54:30; -04:00;00:24:00;00:00:00 - 00:00:00;NOK;95;0,50;8,02;0,31
T816;CO-1B2101;LDJW-38;T816 00I;DIA NORMAL;LABFUEPUNMAN;31/07/2026 09:36:17;31-07-2026 09:58:48; -04:00;00:22:31;00:00:00 - 00:00:00;NOK;95;0,48;8,01;0,33
T816;CO-1B2101;LDJW-38;T816 06R;DIA NORMAL;LABFUEPUNMAN;31/07/2026 10:12:48;31-07-2026 10:40:18; -04:00;00:27:30;00:00:00 - 00:00:00;NOK;95;0,49;8,12;0,28
T816;CO-1B2103;LDJW-40;T816 06R;DIA NORMAL;LABPUNMAN;31/07/2026 07:32:29;31-07-2026 08:06:01; -04:00;00:33:32;00:00:00 - 00:00:00;NOK;95;1,09;8,17;0,21
T816;CO-1B2103;LDJW-40;T816 00I;DIA NORMAL;LABTRAPUNMAN;31/07/2026 08:19:31;31-07-2026 08:26:14; -04:00;00:06:43;00:00:00 - 00:00:00;NOK;95;0,48;2,08;0,24
T816;CO-1B2103;LDJW-40;T816 00I;DIA NORMAL;LABTRAPUNMAN;31/07/2026 08:33:01;31-07-2026 08:49:32; -04:00;00:16:31;00:00:00 - 00:00:00;NOK;95;1,88;7,80;0,36
T816;CO-1B2103;LDJW-40;T816 06R;DIA NORMAL;LABTRAPUNMAN;31/07/2026 09:26:32;31-07-2026 09:51:33; -04:00;00:25:01;00:00:00 - 00:00:00;NOK;95;1,18;7,94;0,27
T816;CO-1B2103;LDJW-40;T816 00I;DIA NORMAL;LABFUEPUNMAN;31/07/2026 10:13:34;31-07-2026 10:45:34; -04:00;00:32:00;00:00:00 - 00:00:00;NOK;95;0,48;8,00;0,24
T816;CO-1B2103;LDJW-40;T816 06R;DIA NORMAL;LABFUEPUNMAN;31/07/2026 10:56:34;01-01-1900 00:00:00; -04:00;00:26:01;00:00:00 - 00:00:00;NOK;95;1,09;7,98;0,26
T816;SM-1B2113;LJDL-48;T816 06R;DIA NORMAL;LABPUNMAN;31/07/2026 07:05:46;31-07-2026 07:32:16; -04:00;00:26:30;00:00:00 - 00:00:00;NOK;95;1,16;8,09;0,26
T816;SM-1B2113;LJDL-48;T816 00I;DIA NORMAL;LABTRAPUNMAN;31/07/2026 08:00:47;31-07-2026 08:32:47; -04:00;00:32:00;00:00:00 - 00:00:00;NOK;95;0,57;7,90;0,23
T816;SM-1B2113;LJDL-48;T816 06R;DIA NORMAL;LABTRAPUNMAN;31/07/2026 09:13:48;31-07-2026 09:37:18; -04:00;00:23:30;00:00:00 - 00:00:00;NOK;95;0,65;8,19;0,32
T816;STM-1E3053;STGZ-62;T816 06R;DIA NORMAL;LABTRANOC;31/07/2026 06:09:29;31-07-2026 06:22:59; -04:00;00:13:30;00:00:00 - 00:00:00;NOK;90;1,12;8,06;0,51
T816;STM-1E3064;STHC-69;T816 00I;DIA NORMAL;LABTRANOC;31/07/2026 05:43:53;31-07-2026 05:59:53; -04:00;00:16:00;00:00:00 - 00:00:00;NOK;90;0,51;8,00;0,47
T816;STM-1E3064;STHC-69;T816 06R;DIA NORMAL;LABTRANOC;31/07/2026 06:10:53;31-07-2026 06:29:54; -04:00;00:19:01;00:00:00 - 00:00:00;NOK;90;0,62;8,00;0,39
T816;STM-1E3064;STHC-69;T816 00I;DIA NORMAL;LABPUNMAN;31/07/2026 06:43:55;31-07-2026 07:08:55; -04:00;00:25:00;00:00:00 - 00:00:00;NOK;90;0,57;8,00;0,30
T816;STM-1E3064;STHC-69;T816 06R;DIA NORMAL;LABPUNMAN;31/07/2026 07:15:55;31-07-2026 07:45:55; -04:00;00:30:00;00:00:00 - 00:00:00;NOK;90;0,42;8,07;0,26
T816;STM-1E3064;STHC-69;T816 06R;DIA NORMAL;LABTRAPUNMAN;31/07/2026 08:41:26;31-07-2026 09:10:57; -04:00;00:29:31;00:00:00 - 00:00:00;NOK;90;0,43;8,03;0,26
T816;STM-1E3064;STHC-69;T816 00I;DIA NORMAL;LABFUEPUNMAN;31/07/2026 09:46:57;31-07-2026 10:10:27; -04:00;00:23:30;00:00:00 - 00:00:00;NOK;90;0,52;7,81;0,31
T816;STM-1E3064;STHC-69;T816 06R;DIA NORMAL;LABFUEPUNMAN;31/07/2026 10:21:57;31-07-2026 10:50:58; -04:00;00:29:01;00:00:00 - 00:00:00;NOK;90;0,59;7,99;0,26
T816;STM-1E3064;STHC-69;T816 00I;DIA NORMAL;LABFUEPUNMAN;31/07/2026 11:27:29;01-01-1900 00:00:00; -04:00;00:24:31;00:00:00 - 00:00:00;NOK;90;0,58;7,98;0,30
T816;STM-1E3080;STHF-70;T816 00I;DIA NORMAL;LABPUNMAN;31/07/2026 06:32:37;31-07-2026 06:54:38; -04:00;00:22:01;00:00:00 - 00:00:00;NOK;90;0,58;7,80;0,33
T816;STM-1E3080;STHF-70;T816 06R;DIA NORMAL;LABPUNMAN;31/07/2026 07:09:08;31-07-2026 07:34:38; -04:00;00:25:30;00:00:00 - 00:00:00;NOK;90;0,61;7,95;0,29
T816;STM-1E3080;STHF-70;T816 06R;DIA NORMAL;LABTRAPUNMAN;31/07/2026 08:21:10;31-07-2026 08:50:40; -04:00;00:29:30;00:00:00 - 00:00:00;NOK;90;0,46;8,04;0,26
T816;STM-1E3080;STHF-70;T816 00I;DIA NORMAL;LABTRAPUNMAN;31/07/2026 09:16:41;31-07-2026 09:40:42; -04:00;00:24:01;00:00:00 - 00:00:00;NOK;90;0,47;7,96;0,31
T816;STM-1E3080;STHF-70;T816 06R;DIA NORMAL;LABFUEPUNMAN;31/07/2026 10:02:42;31-07-2026 10:31:42; -04:00;00:29:00;00:00:00 - 00:00:00;NOK;90;0,48;8,01;0,26
T816;STM-1E3080;STHF-70;T816 00I;DIA NORMAL;LABFUEPUNMAN;31/07/2026 11:14:13;01-01-1900 00:00:00; -04:00;00:34:30;00:00:00 - 00:00:00;NOK;90;0,43;7,96;0,22
T816;STM-1E3080;STHF-70;T816 06R;DIA NORMAL;LABFUEPUNMAN;31/07/2026 12:14:44;01-01-1900 00:00:00; -04:00;00:04:39;00:00:00 - 00:00:00;NOK;90;0,43;2,10;0,36
T816;STM-1E3085;STHF-84;T816 00I;DIA NORMAL;LABFUEPUNMAN;31/07/2026 12:08:16;01-01-1900 00:00:00; -04:00;00:10:42;00:00:00 - 00:00:00;NOK;90;0,47;4,09;0,34
T816;STM-1E3094;STHJ-98;T816 00R;DIA NORMAL;LABTRANOC;31/07/2026 05:57:25;31-07-2026 05:58:36; -04:00;00:01:11;00:00:00 - 00:00:00;NOK;90;1,55;2,21;0,56
T816;STM-1E3094;STHJ-98;T816 06R;DIA NORMAL;LABTRANOC;31/07/2026 05:57:25;31-07-2026 06:11:25; -04:00;00:14:00;00:00:00 - 00:00:00;NOK;90;4,12;8,02;0,45
T816;STM-1E3099;STHK-20;T816 00I;DIA NORMAL;LABNOC;31/07/2026 05:01:06;31-07-2026 05:16:36; -04:00;00:15:30;00:00:00 - 00:00:00;NOK;90;0,50;7,86;0,47
T816;STM-1E3099;STHK-20;T816 00R;DIA NORMAL;LABTRANOC;31/07/2026 05:32:06;31-07-2026 05:46:07; -04:00;00:14:01;00:00:00 - 00:00:00;NOK;90;0,55;8,24;0,55
T816;STM-1E3099;STHK-20;T816 00I;DIA NORMAL;LABTRANOC;31/07/2026 05:57:37;31-07-2026 06:13:37; -04:00;00:16:00;00:00:00 - 00:00:00;NOK;90;1,37;7,99;0,41
T816;STM-1E3099;STHK-20;T816 06R;DIA NORMAL;LABPUNMAN;31/07/2026 06:33:37;31-07-2026 06:54:38; -04:00;00:21:01;00:00:00 - 00:00:00;NOK;90;0,67;8,07;0,35
T816;STM-1E3099;STHK-20;T816 00I;DIA NORMAL;LABPUNMAN;31/07/2026 07:02:08;31-07-2026 07:28:08; -04:00;00:26:00;00:00:00 - 00:00:00;NOK;90;0,58;7,97;0,28
T816;STM-1E3099;STHK-20;T816 06R;DIA NORMAL;LABPUNMAN;31/07/2026 07:35:38;31-07-2026 08:07:39; -04:00;00:32:01;00:00:00 - 00:00:00;NOK;90;0,55;8,19;0,24
T816;STM-1E3118;STHP-52;T816 00I;DIA NORMAL;LABNOC;31/07/2026 05:22:32;31-07-2026 05:38:02; -04:00;00:15:30;00:00:00 - 00:00:00;NOK;90;0,56;8,03;0,48
T816;STM-1E3120;STHR-18;T816 00I;DIA NORMAL;LABTRANOC;31/07/2026 06:08:48;31-07-2026 06:31:48; -04:00;00:23:00;00:00:00 - 00:00:00;NOK;90;0,45;7,87;0,32
T816;STM-1E3120;STHR-18;T816 06R;DIA NORMAL;LABPUNMAN;31/07/2026 06:40:19;31-07-2026 07:03:49; -04:00;00:23:30;00:00:00 - 00:00:00;NOK;90;1,09;8,10;0,30
T816;STM-1E3120;STHR-18;T816 00I;DIA NORMAL;LABPUNMAN;31/07/2026 07:23:49;31-07-2026 07:59:20; -04:00;00:35:31;00:00:00 - 00:00:00;NOK;90;0,47;7,82;0,21
T816;STM-1E3120;STHR-18;T816 06R;DIA NORMAL;LABTRAPUNMAN;31/07/2026 08:16:20;31-07-2026 08:45:20; -04:00;00:29:00;00:00:00 - 00:00:00;NOK;90;1,12;7,99;0,24
T816;STM-1E3120;STHR-18;T816 00I;DIA NORMAL;LABTRAPUNMAN;31/07/2026 09:03:21;31-07-2026 09:30:51; -04:00;00:27:30;00:00:00 - 00:00:00;NOK;90;0,55;8,00;0,27
T816;STM-1E3120;STHR-18;T816 06R;DIA NORMAL;LABFUEPUNMAN;31/07/2026 09:54:51;31-07-2026 10:18:22; -04:00;00:23:31;00:00:00 - 00:00:00;NOK;90;1,20;7,94;0,29
T816;STM-1E3124;STHR-60;T816 06R;DIA NORMAL;LABTRAPUNMAN;31/07/2026 08:03:55;31-07-2026 08:30:27; -04:00;00:26:32;00:00:00 - 00:00:00;NOK;90;0,50;8,00;0,28
T816;STM-1E3124;STHR-60;T816 00I;DIA NORMAL;LABTRAPUNMAN;31/07/2026 08:45:27;31-07-2026 09:05:57; -04:00;00:20:30;00:00:00 - 00:00:00;NOK;90;0,41;7,79;0,36
T816;STM-1E3124;STHR-60;T816 06R;DIA NORMAL;LABFUEPUNMAN;31/07/2026 09:42:28;31-07-2026 10:08:29; -04:00;00:26:01;00:00:00 - 00:00:00;NOK;90;0,46;8,04;0,29
T816;STM-1E3124;STHR-60;T816 00I;DIA NORMAL;LABFUEPUNMAN;31/07/2026 10:56:29;01-01-1900 00:00:00; -04:00;00:27:01;00:00:00 - 00:00:00;NOK;90;0,44;7,94;0,28
T816;STM-1E3124;STHR-60;T816 06R;DIA NORMAL;LABFUEPUNMAN;31/07/2026 11:32:00;01-01-1900 00:00:00; -04:00;00:24:02;00:00:00 - 00:00:00;NOK;90;0,45;8,04;0,32
T816;STM-1E3132;TXZH-32;T816 06R;DIA NORMAL;LABTRANOC;31/07/2026 06:20:51;31-07-2026 06:42:21; -04:00;00:21:30;00:00:00 - 00:00:00;NOK;90;0,54;8,12;0,35
T816;STM-1E3132;TXZH-32;T816 00I;DIA NORMAL;LABPUNMAN;31/07/2026 07:07:51;31-07-2026 07:34:21; -04:00;00:26:30;00:00:00 - 00:00:00;NOK;90;0,46;8,00;0,28
T816;STM-1E3132;TXZH-32;T816 06R;DIA NORMAL;LABPUNMAN;31/07/2026 07:41:22;31-07-2026 08:15:22; -04:00;00:34:00;00:00:00 - 00:00:00;NOK;90;0,43;8,01;0,22
T816;STM-1E3132;TXZH-32;T816 00I;DIA NORMAL;LABTRAPUNMAN;31/07/2026 08:33:22;31-07-2026 08:59:52; -04:00;00:26:30;00:00:00 - 00:00:00;NOK;90;0,59;7,98;0,28
T816;STM-1E3132;TXZH-32;T816 06R;DIA NORMAL;LABFUEPUNMAN;31/07/2026 09:31:53;31-07-2026 09:58:53; -04:00;00:27:00;00:00:00 - 00:00:00;NOK;90;0,49;8,02;0,28
T816;STM-1E3132;TXZH-32;T816 00I;DIA NORMAL;LABFUEPUNMAN;31/07/2026 10:28:23;31-07-2026 10:57:54; -04:00;00:29:31;00:00:00 - 00:00:00;NOK;90;0,52;7,96;0,25
T816;STM-1E3132;TXZH-32;T816 06R;DIA NORMAL;LABFUEPUNMAN;31/07/2026 11:12:24;01-01-1900 00:00:00; -04:00;00:30:30;00:00:00 - 00:00:00;NOK;90;0,50;8,12;0,25
T817;CO-1B2084;LDJP-73;T817 00I;DIA NORMAL;LABTRANOC;31/07/2026 05:46:49;31-07-2026 05:55:56; -04:00;00:09:07;00:00:00 - 00:00:00;NOK;95;0,42;4,22;0,42
T817;CO-1B2084;LDJP-73;T817 06I;DIA NORMAL;LABTRANOC;31/07/2026 05:46:49;31-07-2026 06:44:20; -04:00;00:57:31;00:00:00 - 00:00:00;NOK;95;6,04;20,42;0,34
T817;CO-1B2084;LDJP-73;T817 06I;DIA NORMAL;LABPUNMAN;31/07/2026 07:24:51;31-07-2026 09:05:54; -04:00;01:41:03;00:00:00 - 00:00:00;NOK;95;0,45;20,37;0,20
T817;CO-1B2084;LDJP-73;T817 06I;DIA NORMAL;LABTRAPUNMAN;31/07/2026 09:21:54;31-07-2026 10:58:27; -04:00;01:36:33;00:00:00 - 00:00:00;NOK;95;0,53;20,42;0,21
T817;CO-1B2088;LDJV-46;T817 00I;DIA NORMAL;LABPRENOC;30/07/2026 23:22:39;31-07-2026 00:09:40; -04:00;00:47:01;00:00:00 - 00:00:00;NOK;95;16,08;20,09;0,49
T817;ER-1A1000;SHCX-53;T817 00I;DIA NORMAL;LABPRENOC;30/07/2026 23:41:42;31-07-2026 00:30:13; -04:00;00:48:31;00:00:00 - 00:00:00;NOK;77;8,18;19,98;0,41
T817;ER-1A1000;SHCX-53;T817 06I;DIA NORMAL;LABPUNMAN;31/07/2026 06:40:26;31-07-2026 07:58:28; -04:00;01:18:02;00:00:00 - 00:00:00;NOK;77;0,54;20,25;0,25
T817;ER-1A1000;SHCX-53;T817 06I;DIA NORMAL;LABTRAPUNMAN;31/07/2026 08:12:58;31-07-2026 09:40:59; -04:00;01:28:01;00:00:00 - 00:00:00;NOK;77;0,42;20,44;0,23
T817;ER-1A1000;SHCX-53;T817 06I;DIA NORMAL;LABFUEPUNMAN;31/07/2026 10:08:59;01-01-1900 00:00:00; -04:00;01:23:33;00:00:00 - 00:00:00;NOK;77;0,54;20,51;0,24
T817;ER-1A1000;SHCX-53;T817 06I;DIA NORMAL;LABFUEPUNMAN;31/07/2026 12:18:02;01-01-1900 00:00:00; -04:00;00:05:59;00:00:00 - 00:00:00;NOK;77;0,52;2,02;0,25
T817;ER-1A1001;SHCY-10;T817 06I;DIA NORMAL;LABTRAPUNMAN;31/07/2026 08:24:44;31-07-2026 09:42:17; -04:00;01:17:33;00:00:00 - 00:00:00;NOK;77;0,53;20,24;0,25
T817;ER-1A1001;SHCY-10;T817 06I;DIA NORMAL;LABFUEPUNMAN;31/07/2026 10:20:48;01-01-1900 00:00:00; -04:00;01:20:01;00:00:00 - 00:00:00;NOK;77;0,54;20,44;0,25
T817;CO-1A1029;SHCY-38;T817 06I;DIA NORMAL;LABPUNMAN;31/07/2026 07:13:27;31-07-2026 08:09:07; -04:00;00:55:40;00:00:00 - 00:00:00;NOK;77;0,46;10,01;0,17
T817;CO-1A1021;SHCY-45;T817 06I;DIA NORMAL;LABTRANOC;31/07/2026 06:01:54;31-07-2026 07:11:56; -04:00;01:10:02;00:00:00 - 00:00:00;NOK;77;0,48;20,34;0,28
T817;CO-1A1021;SHCY-45;T817 06I;DIA NORMAL;LABPUNMAN;31/07/2026 07:35:56;31-07-2026 09:10:58; -04:00;01:35:02;00:00:00 - 00:00:00;NOK;77;0,54;20,25;0,21
T817;CO-1A1021;SHCY-45;T817 06I;DIA NORMAL;LABFUEPUNMAN;31/07/2026 09:31:28;31-07-2026 10:54:30; -04:00;01:23:02;00:00:00 - 00:00:00;NOK;77;0,42;20,59;0,24
T817;CO-1A1021;SHCY-45;T817 06I;DIA NORMAL;LABFUEPUNMAN;31/07/2026 11:07:31;01-01-1900 00:00:00; -04:00;01:15:32;00:00:00 - 00:00:00;NOK;77;0,51;20,55;0,27
T817;CO-1A1020;SHCY-62;T817 06I;DIA NORMAL;LABPUNMAN;31/07/2026 07:00:17;31-07-2026 08:29:18; -04:00;01:29:01;00:00:00 - 00:00:00;NOK;77;0,50;20,22;0,22
T817;CO-1A1020;SHCY-62;T817 06I;DIA NORMAL;LABFUEPUNMAN;31/07/2026 10:43:50;01-01-1900 00:00:00; -04:00;01:27:32;00:00:00 - 00:00:00;NOK;77;0,41;20,51;0,23
T817;CO-1A1028;SHXD-83;T817 06I;DIA NORMAL;LABPUNMAN;31/07/2026 07:48:58;31-07-2026 09:28:29; -04:00;01:39:31;00:00:00 - 00:00:00;NOK;77;0,41;20,40;0,20
T817;CO-1A1028;SHXD-83;T817 06I;DIA NORMAL;LABFUEPUNMAN;31/07/2026 09:44:59;31-07-2026 11:04:31; -04:00;01:19:32;00:00:00 - 00:00:00;NOK;77;0,48;20,23;0,25
T817;CO-1A1028;SHXD-83;T817 06I;DIA NORMAL;LABFUEPUNMAN;31/07/2026 11:21:02;01-01-1900 00:00:00; -04:00;00:56:23;00:00:00 - 00:00:00;NOK;77;0,49;14,02;0,24
T817;CO-1A1018;SHXF-83;T817 00I;DIA NORMAL;LABNOC;31/07/2026 05:01:33;31-07-2026 05:59:04; -04:00;00:57:31;00:00:00 - 00:00:00;NOK;77;0,54;19,94;0,34
T817;CO-1A1018;SHXF-83;T817 06I;DIA NORMAL;LABTRANOC;31/07/2026 06:14:34;31-07-2026 07:23:05; -04:00;01:08:31;00:00:00 - 00:00:00;NOK;77;0,51;20,26;0,29
T817;CO-1A1018;SHXF-83;T817 06I;DIA NORMAL;LABTRAPUNMAN;31/07/2026 08:00:05;31-07-2026 09:29:06; -04:00;01:29:01;00:00:00 - 00:00:00;NOK;77;0,49;20,48;0,22
T817;CO-1A1018;SHXF-83;T817 06I;DIA NORMAL;LABFUEPUNMAN;31/07/2026 09:57:07;31-07-2026 11:16:39; -04:00;01:19:32;00:00:00 - 00:00:00;NOK;77;0,46;20,57;0,25
T817;CO-1A1018;SHXF-83;T817 06I;DIA NORMAL;LABFUEPUNMAN;31/07/2026 11:32:09;01-01-1900 00:00:00; -04:00;00:44:32;00:00:00 - 00:00:00;NOK;77;0,52;10,15;0,22
T817;STM-1E3068;STHD-54;T817 06I;DIA NORMAL;LABTRAPUNMAN;31/07/2026 09:00:42;31-07-2026 10:27:44; -04:00;01:27:02;00:00:00 - 00:00:00;NOK;90;0,54;20,36;0,23
T817;STM-1E3076;STHF-45;T817 00I;DIA NORMAL;LABTRANOC;31/07/2026 05:31:50;31-07-2026 05:53:36; -04:00;00:21:46;00:00:00 - 00:00:00;NOK;90;0,50;8,10;0,35
T817;STM-1E3076;STHF-45;T817 06I;DIA NORMAL;LABTRANOC;31/07/2026 05:31:50;31-07-2026 06:29:50; -04:00;00:58:00;00:00:00 - 00:00:00;NOK;90;10,21;20,49;0,36
T817;STM-1E3076;STHF-45;T817 06I;DIA NORMAL;LABPUNMAN;31/07/2026 06:51:21;31-07-2026 08:22:22; -04:00;01:31:01;00:00:00 - 00:00:00;NOK;90;0,54;20,54;0,22
T817;STM-1E3076;STHF-45;T817 06I;DIA NORMAL;LABTRAPUNMAN;31/07/2026 08:36:22;31-07-2026 09:55:24; -04:00;01:19:02;00:00:00 - 00:00:00;NOK;90;0,54;20,38;0,25
T817;STM-1E3076;STHF-45;T817 06I;DIA NORMAL;LABFUEPUNMAN;31/07/2026 10:32:55;01-01-1900 00:00:00; -04:00;01:35:34;00:00:00 - 00:00:00;NOK;90;0,53;20,23;0,21
T818;CO-1B2081;LDJP-70;T818 00I;DIA NORMAL;LABPUNMAN;31/07/2026 07:54:13;31-07-2026 08:29:13; -04:00;00:35:00;00:00:00 - 00:00:00;NOK;95;0,43;10,15;0,28
T818;CO-1B2081;LDJP-70;T818 00R;DIA NORMAL;LABTRAPUNMAN;31/07/2026 08:46:14;31-07-2026 09:30:44; -04:00;00:44:30;00:00:00 - 00:00:00;NOK;95;0,63;12,92;0,28
T818;CO-1B2081;LDJP-70;T818 00I;DIA NORMAL;LABFUEPUNMAN;31/07/2026 09:44:14;31-07-2026 10:11:15; -04:00;00:27:01;00:00:00 - 00:00:00;NOK;95;0,43;10,22;0,36
T818;CO-1B2081;LDJP-70;T818 00R;DIA NORMAL;LABFUEPUNMAN;31/07/2026 10:19:45;31-07-2026 10:58:17; -04:00;00:38:32;00:00:00 - 00:00:00;NOK;95;0,49;12,82;0,32
T818;CO-1B2081;LDJP-70;T818 00I;DIA NORMAL;LABFUEPUNMAN;31/07/2026 11:20:17;01-01-1900 00:00:00; -04:00;00:24:00;00:00:00 - 00:00:00;NOK;95;0,45;10,19;0,41
T818;STM-1E3053;STGZ-62;T818 00R;DIA NORMAL;LABPUNMAN;31/07/2026 06:56:59;31-07-2026 07:50:00; -04:00;00:53:01;00:00:00 - 00:00:00;NOK;90;0,42;12,80;0,23
T818;STM-1E3053;STGZ-62;T818 00I;DIA NORMAL;LABTRAPUNMAN;31/07/2026 08:07:31;31-07-2026 08:36:31; -04:00;00:29:00;00:00:00 - 00:00:00;NOK;90;0,51;10,20;0,33
T818;STM-1E3053;STGZ-62;T818 00R;DIA NORMAL;LABTRAPUNMAN;31/07/2026 08:55:31;31-07-2026 09:33:32; -04:00;00:38:01;00:00:00 - 00:00:00;NOK;90;0,46;13,00;0,33
T818;STM-1E3053;STGZ-62;T818 00I;DIA NORMAL;LABFUEPUNMAN;31/07/2026 09:54:32;31-07-2026 10:20:33; -04:00;00:26:01;00:00:00 - 00:00:00;NOK;90;0,46;10,11;0,37
T818;STM-1E3053;STGZ-62;T818 00R;DIA NORMAL;LABFUEPUNMAN;31/07/2026 10:31:33;31-07-2026 11:04:04; -04:00;00:32:31;00:00:00 - 00:00:00;NOK;90;0,43;13,16;0,39
T818;STM-1E3053;STGZ-62;T818 00I;DIA NORMAL;LABFUEPUNMAN;31/07/2026 11:30:04;01-01-1900 00:00:00; -04:00;00:21:00;00:00:00 - 00:00:00;NOK;90;0,43;10,18;0,46
T818;STM-1E3053;STGZ-62;T818 00R;DIA NORMAL;LABFUEPUNMAN;31/07/2026 12:04:35;01-01-1900 00:00:00; -04:00;00:15:28;00:00:00 - 00:00:00;NOK;90;1,89;8,01;0,40
T818;STM-1E3057;STHB-29;T818 00R;DIA NORMAL;LABPRENOC;30/07/2026 23:51:04;31-07-2026 00:18:05; -04:00;00:27:01;00:00:00 - 00:00:00;NOK;90;6,01;12,77;0,42
T818;STM-1E3058;STHB-36;T818 00R;DIA NORMAL;LABTRANOC;31/07/2026 05:35:55;31-07-2026 06:00:25; -04:00;00:24:30;00:00:00 - 00:00:00;NOK;90;0,59;12,80;0,50
T818;STM-1E3058;STHB-36;T818 00I;DIA NORMAL;LABTRANOC;31/07/2026 06:07:25;31-07-2026 06:31:56; -04:00;00:24:31;00:00:00 - 00:00:00;NOK;90;0,43;10,14;0,40
T818;STM-1E3058;STHB-36;T818 00R;DIA NORMAL;LABPUNMAN;31/07/2026 07:09:26;31-07-2026 08:09:57; -04:00;01:00:31;00:00:00 - 00:00:00;NOK;90;0,56;12,89;0,20
T818;STM-1E3058;STHB-36;T818 00I;DIA NORMAL;LABTRAPUNMAN;31/07/2026 08:18:57;31-07-2026 08:49:28; -04:00;00:30:31;00:00:00 - 00:00:00;NOK;90;0,43;10,22;0,32
T818;STM-1E3058;STHB-36;T818 00R;DIA NORMAL;LABTRAPUNMAN;31/07/2026 09:07:28;31-07-2026 09:47:59; -04:00;00:40:31;00:00:00 - 00:00:00;NOK;90;0,42;12,81;0,31
T818;STM-1E3058;STHB-36;T818 00I;DIA NORMAL;LABFUEPUNMAN;31/07/2026 10:06:29;31-07-2026 10:34:29; -04:00;00:28:00;00:00:00 - 00:00:00;NOK;90;0,43;10,22;0,35
T818;STM-1E3058;STHB-36;T818 00R;DIA NORMAL;LABFUEPUNMAN;31/07/2026 10:57:29;01-01-1900 00:00:00; -04:00;00:38:01;00:00:00 - 00:00:00;NOK;90;0,48;12,83;0,32
T818;STM-1E3058;STHB-36;T818 00I;DIA NORMAL;LABFUEPUNMAN;31/07/2026 12:00:30;01-01-1900 00:00:00; -04:00;00:23:30;00:00:00 - 00:00:00;NOK;90;0,43;10,23;0,42
T818;STM-1E3082;STHF-77;T818 00I;DIA NORMAL;LABPRENOC;30/07/2026 23:41:38;31-07-2026 00:03:38; -04:00;00:22:00;00:00:00 - 00:00:00;NOK;90;10,24;10,24;0,00
T818;STM-1E3093;STHJ-89;T818 00I;DIA NORMAL;LABPRENOC;31/07/2026 00:01:42;31-07-2026 00:29:43; -04:00;00:28:01;00:00:00 - 00:00:00;NOK;90;0,55;10,17;0,34
T818;STM-1E3093;STHJ-89;T818 00I;DIA NORMAL;LABFUEPUNMAN;31/07/2026 10:42:30;31-07-2026 11:06:00; -04:00;00:23:30;00:00:00 - 00:00:00;NOK;90;0,42;10,06;0,41
T818;STM-1E3093;STHJ-89;T818 00R;DIA NORMAL;LABFUEPUNMAN;31/07/2026 11:20:30;01-01-1900 00:00:00; -04:00;00:39:31;00:00:00 - 00:00:00;NOK;90;0,43;12,90;0,32
T818;STM-1E3097;STHK-12;T818 00I;DIA NORMAL;LABPUNMAN;31/07/2026 06:31:18;31-07-2026 07:00:18; -04:00;00:29:00;00:00:00 - 00:00:00;NOK;90;0,43;10,11;0,33
T818;STM-1E3097;STHK-12;T818 00R;DIA NORMAL;LABPUNMAN;31/07/2026 07:18:49;31-07-2026 08:11:19; -04:00;00:52:30;00:00:00 - 00:00:00;NOK;90;0,43;12,86;0,24
T818;STM-1E3097;STHK-12;T818 00I;DIA NORMAL;LABTRAPUNMAN;31/07/2026 08:30:20;31-07-2026 08:58:20; -04:00;00:28:00;00:00:00 - 00:00:00;NOK;90;0,43;10,13;0,35
T818;STM-1E3097;STHK-12;T818 00R;DIA NORMAL;LABTRAPUNMAN;31/07/2026 09:18:50;31-07-2026 10:04:21; -04:00;00:45:31;00:00:00 - 00:00:00;NOK;90;0,47;12,88;0,27
T818;STM-1E3097;STHK-12;T818 00I;DIA NORMAL;LABFUEPUNMAN;31/07/2026 10:18:22;31-07-2026 10:43:22; -04:00;00:25:00;00:00:00 - 00:00:00;NOK;90;0,43;10,16;0,39
T818;STM-1E3097;STHK-12;T818 00R;DIA NORMAL;LABFUEPUNMAN;31/07/2026 11:07:09;01-01-1900 00:00:00; -04:00;00:47:01;00:00:00 - 00:00:00;NOK;90;0,41;12,81;0,26
T818;STM-1E3097;STHK-12;T818 00I;DIA NORMAL;LABFUEPUNMAN;31/07/2026 12:16:24;01-01-1900 00:00:00; -04:00;00:06:12;00:00:00 - 00:00:00;NOK;90;0,46;2,10;0,26
T818;STM-1E3100;STHK-27;T818 00R;DIA NORMAL;LABNOC;31/07/2026 05:15:25;31-07-2026 05:39:55; -04:00;00:24:30;00:00:00 - 00:00:00;NOK;90;0,43;12,80;0,50
T818;STM-1E3100;STHK-27;T818 00I;DIA NORMAL;LABTRANOC;31/07/2026 05:51:55;31-07-2026 06:12:26; -04:00;00:20:31;00:00:00 - 00:00:00;NOK;90;0,43;10,25;0,48
T818;STM-1E3100;STHK-27;T818 00R;DIA NORMAL;LABPUNMAN;31/07/2026 06:41:56;31-07-2026 07:26:27; -04:00;00:44:31;00:00:00 - 00:00:00;NOK;90;0,44;12,90;0,28
T818;STM-1E3100;STHK-27;T818 00I;DIA NORMAL;LABPUNMAN;31/07/2026 07:32:27;31-07-2026 08:10:27; -04:00;00:38:00;00:00:00 - 00:00:00;NOK;90;0,43;10,13;0,26
T818;STM-1E3100;STHK-27;T818 00R;DIA NORMAL;LABTRAPUNMAN;31/07/2026 08:26:57;31-07-2026 09:18:58; -04:00;00:52:01;00:00:00 - 00:00:00;NOK;90;0,55;12,86;0,24
T818;STM-1E3100;STHK-27;T818 00I;DIA NORMAL;LABFUEPUNMAN;31/07/2026 09:31:28;31-07-2026 09:57:59; -04:00;00:26:31;00:00:00 - 00:00:00;NOK;90;0,43;10,20;0,37
T818;STM-1E3100;STHK-27;T818 00R;DIA NORMAL;LABFUEPUNMAN;31/07/2026 10:43:33;01-01-1900 00:00:00; -04:00;00:42:01;00:00:00 - 00:00:00;NOK;90;0,45;12,93;0,30
T818;STM-1E3100;STHK-27;T818 00I;DIA NORMAL;LABFUEPUNMAN;31/07/2026 11:43:34;01-01-1900 00:00:00; -04:00;00:26:30;00:00:00 - 00:00:00;NOK;90;0,51;10,25;0,37
T818;STM-1E3107;STHK-69;T818 00R;DIA NORMAL;LABTRANOC;31/07/2026 06:01:15;31-07-2026 06:35:15; -04:00;00:34:00;00:00:00 - 00:00:00;NOK;90;0,44;12,97;0,37
T818;STM-1E3107;STHK-69;T818 00I;DIA NORMAL;LABPUNMAN;31/07/2026 06:42:45;31-07-2026 07:14:46; -04:00;00:32:01;00:00:00 - 00:00:00;NOK;90;0,42;10,24;0,31
T818;STM-1E3107;STHK-69;T818 00R;DIA NORMAL;LABPUNMAN;31/07/2026 07:33:16;31-07-2026 08:32:17; -04:00;00:59:01;00:00:00 - 00:00:00;NOK;90;0,61;12,87;0,21
T818;STM-1E3107;STHK-69;T818 00I;DIA NORMAL;LABTRAPUNMAN;31/07/2026 08:42:47;31-07-2026 09:13:17; -04:00;00:30:30;00:00:00 - 00:00:00;NOK;90;0,47;10,32;0,32
T818;STM-1E3107;STHK-69;T818 00R;DIA NORMAL;LABFUEPUNMAN;31/07/2026 09:31:48;31-07-2026 10:12:19; -04:00;00:40:31;00:00:00 - 00:00:00;NOK;90;0,43;12,87;0,31
T818;STM-1E3107;STHK-69;T818 00I;DIA NORMAL;LABFUEPUNMAN;31/07/2026 10:31:49;31-07-2026 10:57:20; -04:00;00:25:31;00:00:00 - 00:00:00;NOK;90;0,45;10,26;0,38
T818;STM-1E3126;STHR-80;T818 00I;DIA NORMAL;LABNOC;31/07/2026 05:28:38;31-07-2026 05:49:38; -04:00;00:21:00;00:00:00 - 00:00:00;NOK;90;0,42;10,41;0,48
T818;STM-1E3126;STHR-80;T818 00R;DIA NORMAL;LABTRANOC;31/07/2026 06:08:09;31-07-2026 06:38:40; -04:00;00:30:31;00:00:00 - 00:00:00;NOK;90;0,53;12,88;0,40
T818;STM-1E3126;STHR-80;T818 00I;DIA NORMAL;LABPUNMAN;31/07/2026 06:51:40;31-07-2026 07:25:40; -04:00;00:34:00;00:00:00 - 00:00:00;NOK;90;0,43;10,25;0,29
T818;STM-1E3126;STHR-80;T818 00R;DIA NORMAL;LABPUNMAN;31/07/2026 07:44:10;31-07-2026 08:40:41; -04:00;00:56:31;00:00:00 - 00:00:00;NOK;90;0,59;12,85;0,22
T818;STM-1E3126;STHR-80;T818 00I;DIA NORMAL;LABTRAPUNMAN;31/07/2026 08:55:11;31-07-2026 09:25:12; -04:00;00:30:01;00:00:00 - 00:00:00;NOK;90;0,43;10,26;0,33
T818;STM-1E3126;STHR-80;T818 00R;DIA NORMAL;LABFUEPUNMAN;31/07/2026 09:45:42;31-07-2026 10:23:43; -04:00;00:38:01;00:00:00 - 00:00:00;NOK;90;0,48;12,90;0,33
T818;STM-1E3126;STHR-80;T818 00I;DIA NORMAL;LABFUEPUNMAN;31/07/2026 10:51:43;31-07-2026 11:15:14; -04:00;00:23:31;00:00:00 - 00:00:00;NOK;90;0,45;10,25;0,42
T818;STM-1E3126;STHR-80;T818 00R;DIA NORMAL;LABFUEPUNMAN;31/07/2026 11:32:44;01-01-1900 00:00:00; -04:00;00:42:01;00:00:00 - 00:00:00;NOK;90;0,42;12,81;0,29
T818;STM-1E3130;TXZH-30;T818 00R;DIA NORMAL;LABNOC;31/07/2026 05:03:53;31-07-2026 05:31:24; -04:00;00:27:31;00:00:00 - 00:00:00;NOK;90;0,46;12,87;0,45
T818;STM-1E3130;TXZH-30;T818 00I;DIA NORMAL;LABTRANOC;31/07/2026 05:42:25;31-07-2026 06:06:55; -04:00;00:24:30;00:00:00 - 00:00:00;NOK;90;0,43;10,19;0,40
T818;STM-1E3130;TXZH-30;T818 00R;DIA NORMAL;LABPUNMAN;31/07/2026 06:32:56;31-07-2026 07:12:56; -04:00;00:40:00;00:00:00 - 00:00:00;NOK;90;0,60;12,96;0,31
T818;STM-1E3130;TXZH-30;T818 00I;DIA NORMAL;LABPUNMAN;31/07/2026 07:19:26;31-07-2026 07:55:27; -04:00;00:36:01;00:00:00 - 00:00:00;NOK;90;0,42;10,21;0,27
T818;STM-1E3130;TXZH-30;T818 00R;DIA NORMAL;LABTRAPUNMAN;31/07/2026 08:07:27;31-07-2026 09:00:58; -04:00;00:53:31;00:00:00 - 00:00:00;NOK;90;0,46;12,82;0,23
T818;STM-1E3130;TXZH-30;T818 00I;DIA NORMAL;LABTRAPUNMAN;31/07/2026 09:06:58;31-07-2026 09:33:59; -04:00;00:27:01;00:00:00 - 00:00:00;NOK;90;0,43;10,23;0,36
T818;STM-1E3130;TXZH-30;T818 00R;DIA NORMAL;LABFUEPUNMAN;31/07/2026 09:57:29;31-07-2026 10:39:29; -04:00;00:42:00;00:00:00 - 00:00:00;NOK;90;0,46;12,94;0,30
T818;STM-1E3130;TXZH-30;T818 00I;DIA NORMAL;LABFUEPUNMAN;31/07/2026 11:06:30;01-01-1900 00:00:00; -04:00;00:24:30;00:00:00 - 00:00:00;NOK;90;0,43;10,12;0,40
T818;STM-1E3130;TXZH-30;T818 00R;DIA NORMAL;LABFUEPUNMAN;31/07/2026 11:47:00;01-01-1900 00:00:00; -04:00;00:33:17;00:00:00 - 00:00:00;NOK;90;0,41;10,14;0,29
T818 E0;HVFH-33;HVFH-33;T818 E0 00I;DIA NORMAL;LABPUNMAN;31/07/2026 07:54:21;31-07-2026 08:12:58; -04:00;00:18:37;00:00:00 - 00:00:00;NOK;95;0,42;6,13;0,31
T818 E0;CO-1B2098;LDJW-35;T818 E0 00R;DIA NORMAL;LABPUNMAN;31/07/2026 07:16:46;31-07-2026 07:52:46; -04:00;00:36:00;00:00:00 - 00:00:00;NOK;95;0,46;7,92;0,21
T818 E0;CO-1B2098;LDJW-35;T818 E0 00I;DIA NORMAL;LABTRAPUNMAN;31/07/2026 08:04:46;31-07-2026 08:27:47; -04:00;00:23:01;00:00:00 - 00:00:00;NOK;95;0,43;6,90;0,28
T818 E0;CO-1B2098;LDJW-35;T818 E0 00R;DIA NORMAL;LABTRAPUNMAN;31/07/2026 08:37:47;31-07-2026 09:17:48; -04:00;00:40:01;00:00:00 - 00:00:00;NOK;95;0,44;7,66;0,18
T818 E0;CO-1B2098;LDJW-35;T818 E0 00I;DIA NORMAL;LABTRAPUNMAN;31/07/2026 09:25:18;31-07-2026 09:47:18; -04:00;00:22:00;00:00:00 - 00:00:00;NOK;95;0,43;7,01;0,30
T818 E0;CO-1B2098;LDJW-35;T818 E0 00R;DIA NORMAL;LABFUEPUNMAN;31/07/2026 09:53:19;31-07-2026 10:11:19; -04:00;00:18:00;00:00:00 - 00:00:00;NOK;95;0,62;7,57;0,39
T818 E0;CO-1B2098;LDJW-35;T818 E0 00I;DIA NORMAL;LABFUEPUNMAN;31/07/2026 10:36:50;31-07-2026 10:50:51; -04:00;00:14:01;00:00:00 - 00:00:00;NOK;95;1,68;7,01;0,38
T818 E0;CO-1B2098;LDJW-35;T818 E0 00R;DIA NORMAL;LABFUEPUNMAN;31/07/2026 11:29:21;01-01-1900 00:00:00; -04:00;00:18:30;00:00:00 - 00:00:00;NOK;95;0,49;7,69;0,39
T818 E0;CO-1B2098;LDJW-35;T818 E0 00I;DIA NORMAL;LABFUEPUNMAN;31/07/2026 12:11:52;01-01-1900 00:00:00; -04:00;00:10:49;00:00:00 - 00:00:00;NOK;95;0,43;4,05;0,33
T818 E0;STM-1E3073;STHF-31;T818 E0 00I;DIA NORMAL;LABTRANOC;31/07/2026 05:44:47;31-07-2026 06:02:17; -04:00;00:17:30;00:00:00 - 00:00:00;NOK;90;0,43;6,98;0,37
T818 E0;STM-1E3073;STHF-31;T818 E0 00R;DIA NORMAL;LABTRANOC;31/07/2026 06:11:17;31-07-2026 06:28:18; -04:00;00:17:01;00:00:00 - 00:00:00;NOK;90;0,44;7,60;0,42
T818 E0;STM-1E3073;STHF-31;T818 E0 00I;DIA NORMAL;LABPUNMAN;31/07/2026 06:43:48;31-07-2026 07:04:18; -04:00;00:20:30;00:00:00 - 00:00:00;NOK;90;0,44;6,97;0,32
T818 E0;STM-1E3073;STHF-31;T818 E0 00R;DIA NORMAL;LABPUNMAN;31/07/2026 07:05:48;31-07-2026 07:32:48; -04:00;00:27:00;00:00:00 - 00:00:00;NOK;90;0,69;7,59;0,26
T818 E0;STM-1E3073;STHF-31;T818 E0 00I;DIA NORMAL;LABPUNMAN;31/07/2026 07:38:48;31-07-2026 08:05:19; -04:00;00:26:31;00:00:00 - 00:00:00;NOK;90;0,43;7,00;0,25
T818 E0;STM-1E3073;STHF-31;T818 E0 00R;DIA NORMAL;LABTRAPUNMAN;31/07/2026 08:11:19;31-07-2026 08:47:19; -04:00;00:36:00;00:00:00 - 00:00:00;NOK;90;0,49;7,64;0,20
T818 E0;STM-1E3073;STHF-31;T818 E0 00I;DIA NORMAL;LABTRAPUNMAN;31/07/2026 08:51:19;31-07-2026 09:09:50; -04:00;00:18:31;00:00:00 - 00:00:00;NOK;90;0,45;7,03;0,36
T818 E0;STM-1E3073;STHF-31;T818 E0 00R;DIA NORMAL;LABTRAPUNMAN;31/07/2026 09:26:50;31-07-2026 09:42:20; -04:00;00:15:30;00:00:00 - 00:00:00;NOK;90;0,49;7,63;0,46
T818 E0;STM-1E3073;STHF-31;T818 E0 00I;DIA NORMAL;LABFUEPUNMAN;31/07/2026 10:15:50;31-07-2026 10:32:51; -04:00;00:17:01;00:00:00 - 00:00:00;NOK;90;0,43;6,91;0,38
T818 E0;STM-1E3073;STHF-31;T818 E0 00R;DIA NORMAL;LABFUEPUNMAN;31/07/2026 10:46:51;31-07-2026 11:03:51; -04:00;00:17:00;00:00:00 - 00:00:00;NOK;90;0,53;7,68;0,42
T818 E0;STM-1E3073;STHF-31;T818 E0 00I;DIA NORMAL;LABFUEPUNMAN;31/07/2026 11:15:51;01-01-1900 00:00:00; -04:00;00:13:39;00:00:00 - 00:00:00;NOK;90;0,47;6,15;0,42
T818 E0;STM-1E3073;STHF-31;T818 E0 00R;DIA NORMAL;LABFUEPUNMAN;31/07/2026 12:06:52;01-01-1900 00:00:00; -04:00;00:17:30;00:00:00 - 00:00:00;NOK;90;0,49;7,52;0,40
T818 E0;STM-1E3091;STHJ-81;T818 E0 00I;DIA NORMAL;LABFUEPUNMAN;31/07/2026 11:30:32;01-01-1900 00:00:00; -04:00;00:14:31;00:00:00 - 00:00:00;NOK;90;0,44;7,01;0,45
T818 E0;STM-1E3092;STHJ-86;T818 E0 00R;DIA NORMAL;LABFUEPUNMAN;31/07/2026 11:09:13;01-01-1900 00:00:00; -04:00;00:18:30;00:00:00 - 00:00:00;NOK;90;0,45;7,59;0,39
T818 E0;STM-1E3092;STHJ-86;T818 E0 00I;DIA NORMAL;LABFUEPUNMAN;31/07/2026 11:52:44;01-01-1900 00:00:00; -04:00;00:18:31;00:00:00 - 00:00:00;NOK;90;0,48;7,00;0,35
T818 E0;STM-1E3093;STHJ-89;T818 E0 00I;DIA NORMAL;LABPUNMAN;31/07/2026 06:54:56;31-07-2026 07:18:26; -04:00;00:23:30;00:00:00 - 00:00:00;NOK;90;0,43;7,27;0,29
T818 E0;STM-1E3093;STHJ-89;T818 E0 00R;DIA NORMAL;LABPUNMAN;31/07/2026 07:28:57;31-07-2026 08:08:57; -04:00;00:40:00;00:00:00 - 00:00:00;NOK;90;0,41;7,68;0,18
T818 E0;STM-1E3093;STHJ-89;T818 E0 00I;DIA NORMAL;LABTRAPUNMAN;31/07/2026 08:16:27;31-07-2026 08:36:28; -04:00;00:20:01;00:00:00 - 00:00:00;NOK;90;0,43;6,99;0,33
T818 E0;STM-1E3093;STHJ-89;T818 E0 00R;DIA NORMAL;LABTRAPUNMAN;31/07/2026 08:49:28;31-07-2026 09:18:29; -04:00;00:29:01;00:00:00 - 00:00:00;NOK;90;0,46;7,66;0,25
T818 E0;STM-1E3093;STHJ-89;T818 E0 00I;DIA NORMAL;LABFUEPUNMAN;31/07/2026 09:35:59;31-07-2026 09:53:59; -04:00;00:18:00;00:00:00 - 00:00:00;NOK;90;0,42;6,98;0,36
T818 E0;STM-1E3093;STHJ-89;T818 E0 00R;DIA NORMAL;LABFUEPUNMAN;31/07/2026 10:02:29;31-07-2026 10:19:29; -04:00;00:17:00;00:00:00 - 00:00:00;NOK;90;0,61;7,55;0,41
T818 E0;STM-1E3122;STHR-36;T818 E0 00R;DIA NORMAL;LABTRANOC;31/07/2026 05:31:13;31-07-2026 05:41:43; -04:00;00:10:30;00:00:00 - 00:00:00;NOK;90;1,09;7,66;0,63
T818 E0;STM-1E3122;STHR-36;T818 E0 00I;DIA NORMAL;LABTRANOC;31/07/2026 06:01:14;31-07-2026 06:18:44; -04:00;00:17:30;00:00:00 - 00:00:00;NOK;90;0,43;6,96;0,37
T818 E0;STM-1E3122;STHR-36;T818 E0 00R;DIA NORMAL;LABTRANOC;31/07/2026 06:27:45;31-07-2026 06:48:15; -04:00;00:20:30;00:00:00 - 00:00:00;NOK;90;0,45;7,68;0,35
T818 E0;STM-1E3122;STHR-36;T818 E0 00I;DIA NORMAL;LABPUNMAN;31/07/2026 07:02:16;31-07-2026 07:34:46; -04:00;00:32:30;00:00:00 - 00:00:00;NOK;90;0,41;6,98;0,20
T818 E0;STM-1E3122;STHR-36;T818 E0 00R;DIA NORMAL;LABPUNMAN;31/07/2026 07:42:46;31-07-2026 08:18:47; -04:00;00:36:01;00:00:00 - 00:00:00;NOK;90;0,45;7,61;0,20
T818 E0;STM-1E3122;STHR-36;T818 E0 00I;DIA NORMAL;LABTRAPUNMAN;31/07/2026 08:28:17;31-07-2026 08:49:17; -04:00;00:21:00;00:00:00 - 00:00:00;NOK;90;0,43;7,02;0,31
T818 E0;STM-1E3122;STHR-36;T818 E0 00R;DIA NORMAL;LABTRAPUNMAN;31/07/2026 09:07:18;31-07-2026 09:27:18; -04:00;00:20:00;00:00:00 - 00:00:00;NOK;90;0,41;7,56;0,36
T818 E0;STM-1E3122;STHR-36;T818 E0 00I;DIA NORMAL;LABFUEPUNMAN;31/07/2026 09:47:19;31-07-2026 10:04:49; -04:00;00:17:30;00:00:00 - 00:00:00;NOK;90;0,56;6,98;0,37
T818 E0;STM-1E3122;STHR-36;T818 E0 00R;DIA NORMAL;LABFUEPUNMAN;31/07/2026 10:16:19;31-07-2026 10:34:50; -04:00;00:18:31;00:00:00 - 00:00:00;NOK;90;0,42;7,52;0,38
T818 E0;STM-1E3122;STHR-36;T818 E0 00I;DIA NORMAL;LABFUEPUNMAN;31/07/2026 10:46:50;31-07-2026 11:00:20; -04:00;00:13:30;00:00:00 - 00:00:00;NOK;90;0,45;7,27;0,51
T818 E0;STM-1E3122;STHR-36;T818 E0 00R;DIA NORMAL;LABFUEPUNMAN;31/07/2026 11:48:50;01-01-1900 00:00:00; -04:00;00:15:31;00:00:00 - 00:00:00;NOK;90;0,66;7,57;0,45
T818 E0;STM-1E3128;TXZH-26;T818 E0 00R;DIA NORMAL;LABNOC;31/07/2026 04:58:19;31-07-2026 05:07:19; -04:00;00:09:00;00:00:00 - 00:00:00;NOK;90;1,82;7,68;0,65
T818 E0;STM-1E3128;TXZH-26;T818 E0 00I;DIA NORMAL;LABNOC;31/07/2026 05:27:49;31-07-2026 05:39:52; -04:00;00:12:03;00:00:00 - 00:00:00;NOK;90;0,43;6,29;0,49
T818 E0;STM-1E3128;TXZH-26;T818 E0 00R;DIA NORMAL;LABTRANOC;31/07/2026 05:56:50;31-07-2026 06:08:50; -04:00;00:12:00;00:00:00 - 00:00:00;NOK;90;1,07;7,58;0,54
T818 E0;STM-1E3128;TXZH-26;T818 E0 00I;DIA NORMAL;LABTRANOC;31/07/2026 06:28:20;31-07-2026 06:45:20; -04:00;00:17:00;00:00:00 - 00:00:00;NOK;90;0,43;7,27;0,40
T818 E0;STM-1E3128;TXZH-26;T818 E0 00R;DIA NORMAL;LABPUNMAN;31/07/2026 06:47:50;31-07-2026 07:12:51; -04:00;00:25:01;00:00:00 - 00:00:00;NOK;90;0,41;7,66;0,29
T818 E0;STM-1E3128;TXZH-26;T818 E0 00I;DIA NORMAL;LABPUNMAN;31/07/2026 07:18:21;31-07-2026 07:43:51; -04:00;00:25:30;00:00:00 - 00:00:00;NOK;90;0,43;6,94;0,26
T818 E0;STM-1E3128;TXZH-26;T818 E0 00R;DIA NORMAL;LABPUNMAN;31/07/2026 07:57:22;31-07-2026 08:33:22; -04:00;00:36:00;00:00:00 - 00:00:00;NOK;90;0,60;7,55;0,19
T818 E0;STM-1E3128;TXZH-26;T818 E0 00I;DIA NORMAL;LABTRAPUNMAN;31/07/2026 08:38:22;31-07-2026 08:58:22; -04:00;00:20:00;00:00:00 - 00:00:00;NOK;90;0,44;6,97;0,33
T818 E0;STM-1E3128;TXZH-26;T818 E0 00R;DIA NORMAL;LABTRAPUNMAN;31/07/2026 09:19:23;31-07-2026 09:37:23; -04:00;00:18:00;00:00:00 - 00:00:00;NOK;90;0,47;7,69;0,40
T818 E0;STM-1E3128;TXZH-26;T818 E0 00I;DIA NORMAL;LABFUEPUNMAN;31/07/2026 09:59:53;31-07-2026 10:14:54; -04:00;00:15:01;00:00:00 - 00:00:00;NOK;90;0,45;6,96;0,43
T818 E0;STM-1E3128;TXZH-26;T818 E0 00R;DIA NORMAL;LABFUEPUNMAN;31/07/2026 10:28:54;31-07-2026 10:43:54; -04:00;00:15:00;00:00:00 - 00:00:00;NOK;90;0,49;7,54;0,47
T818 E0;STM-1E3128;TXZH-26;T818 E0 00I;DIA NORMAL;LABFUEPUNMAN;31/07/2026 10:56:54;31-07-2026 11:11:54; -04:00;00:15:00;00:00:00 - 00:00:00;NOK;90;0,43;7,02;0,44
T820;ER-1B2042;LXDH-84;T820 00I;DIA NORMAL;LABPUNMAN;31/07/2026 07:07:00;31-07-2026 09:14:33; -04:00;02:07:33;00:00:00 - 00:00:00;NOK;96;0,40;34,48;0,27
T820;ER-1B2042;LXDH-84;T820 00I;DIA NORMAL;LABFUEPUNMAN;31/07/2026 12:17:06;01-01-1900 00:00:00; -04:00;00:02:49;00:00:00 - 00:00:00;NOK;96;0,62;2,09;0,52
T820;ER-1B2046;LXDH-88;T820 00I;DIA NORMAL;LABTRAPUNMAN;31/07/2026 08:28:01;31-07-2026 10:31:34; -04:00;02:03:33;00:00:00 - 00:00:00;NOK;96;0,65;34,47;0,27
T820;ER-1B2050;LXDH-92;T820 00I;DIA NORMAL;LABFUEPUNMAN;31/07/2026 11:46:40;01-01-1900 00:00:00; -04:00;00:35:17;00:00:00 - 00:00:00;NOK;96;0,66;12,13;0,33
T820;ER-1B2051;LXDH-93;T820 00I;DIA NORMAL;LABTRAPUNMAN;31/07/2026 09:01:52;31-07-2026 11:00:55; -04:00;01:59:03;00:00:00 - 00:00:00;NOK;96;0,43;34,67;0,29
T820;ER-1B2051;LXDH-93;T820 00I;DIA NORMAL;LABFUEPUNMAN;31/07/2026 11:13:25;01-01-1900 00:00:00; -04:00;01:07:18;00:00:00 - 00:00:00;NOK;96;0,46;20,14;0,29
T820;SM-1B2073;LXDJ-25;T820 00I;DIA NORMAL;LABPUNMAN;31/07/2026 06:46:35;31-07-2026 08:56:39; -04:00;02:10:04;00:00:00 - 00:00:00;NOK;96;0,45;34,49;0,26
T820;SM-1B2073;LXDJ-25;T820 00I;DIA NORMAL;LABFUEPUNMAN;31/07/2026 11:27:15;01-01-1900 00:00:00; -04:00;00:42:57;00:00:00 - 00:00:00;NOK;96;0,62;16,04;0,36
T820;SM-1B2078;LXDJ-30;T820 00I;DIA NORMAL;LABFUEPUNMAN;31/07/2026 10:36:16;01-01-1900 00:00:00; -04:00;01:45:02;00:00:00 - 00:00:00;NOK;96;0,42;34,48;0,32
T820;ER-1C4025;SHCY-18;T820 00I;DIA NORMAL;LABTRANOC;31/07/2026 06:01:35;31-07-2026 06:08:40; -04:00;00:07:05;00:00:00 - 00:00:00;NOK;156;0,50;2,09;0,22
T820;ER-1A1004;SHCY-33;T820 00I;DIA NORMAL;LABPUNMAN;31/07/2026 06:38:14;31-07-2026 08:55:47; -04:00;02:17:33;00:00:00 - 00:00:00;NOK;77;0,56;34,50;0,25
T820;ER-1A1009;SHCY-40;T820 00I;DIA NORMAL;LABTRAPUNMAN;31/07/2026 08:06:53;31-07-2026 10:14:25; -04:00;02:07:32;00:00:00 - 00:00:00;NOK;77;0,49;34,46;0,27
T820;ER-1A1009;SHCY-40;T820 00I;DIA NORMAL;LABFUEPUNMAN;31/07/2026 10:52:16;01-01-1900 00:00:00; -04:00;01:29:29;00:00:00 - 00:00:00;NOK;77;0,60;26,02;0,28
T820;CO-1E3024;SKHG-55;T820 00I;DIA NORMAL;LABTRAPUNMAN;31/07/2026 08:45:38;31-07-2026 10:52:42; -04:00;02:07:04;00:00:00 - 00:00:00;NOK;90;0,41;34,48;0,27
T820;CO-1E3027;SKHG-62;T820 00I;DIA NORMAL;LABTRANOC;31/07/2026 05:30:52;31-07-2026 07:17:53; -04:00;01:47:01;00:00:00 - 00:00:00;NOK;90;0,48;34,50;0,32
T820;CO-1E3032;SKHG-74;T820 00I;DIA NORMAL;LABPRENOC;31/07/2026 00:02:23;31-07-2026 00:04:10; -04:00;00:01:47;00:00:00 - 00:00:00;NOK;90;0,57;3,45;1,61
T820;CO-1E3032;SKHG-74;T820 00I;DIA NORMAL;LABTRANOC;31/07/2026 05:50:59;31-07-2026 07:36:32; -04:00;01:45:33;00:00:00 - 00:00:00;NOK;90;0,60;34,64;0,32
T820;CO-1E3034;SKHG-80;T820 00I;DIA NORMAL;LABTRAPUNMAN;31/07/2026 09:18:05;01-01-1900 00:00:00; -04:00;02:10:03;00:00:00 - 00:00:00;NOK;90;0,46;34,63;0,26
T820;CO-1E3036;SKHG-85;T820 00I;DIA NORMAL;LABPUNMAN;31/07/2026 07:32:57;31-07-2026 09:55:29; -04:00;02:22:32;00:00:00 - 00:00:00;NOK;90;0,57;34,48;0,24
T820;CO-1E3036;SKHG-85;T820 00I;DIA NORMAL;LABFUEPUNMAN;31/07/2026 10:08:29;01-01-1900 00:00:00; -04:00;01:50:32;00:00:00 - 00:00:00;NOK;90;0,44;34,50;0,31
T820;CO-1E3037;SKHG-89;T820 00I;DIA NORMAL;LABTRANOC;31/07/2026 05:42:04;31-07-2026 07:27:37; -04:00;01:45:33;00:00:00 - 00:00:00;NOK;90;0,44;34,47;0,32
T820;CO-1E3037;SKHG-89;T820 00I;DIA NORMAL;LABPUNMAN;31/07/2026 07:52:38;31-07-2026 10:02:10; -04:00;02:09:32;00:00:00 - 00:00:00;NOK;90;0,62;34,61;0,26
T820;CO-1E3037;SKHG-89;T820 00I;DIA NORMAL;LABFUEPUNMAN;31/07/2026 10:24:10;01-01-1900 00:00:00; -04:00;01:57:33;00:00:00 - 00:00:00;NOK;90;0,44;34,67;0,29
T820;CO-1E3038;SKHG-90;T820 00I;DIA NORMAL;LABFUEPUNMAN;31/07/2026 09:47:08;01-01-1900 00:00:00; -04:00;01:50:31;00:00:00 - 00:00:00;NOK;90;0,56;34,47;0,31
T820;STM-1B3044;SPZX-39;T820 00I;DIA NORMAL;LABFUEPUNMAN;31/07/2026 09:30:59;01-01-1900 00:00:00; -04:00;02:06:32;00:00:00 - 00:00:00;NOK;90;0,55;34,49;0,27
T820;STM-1B3044;SPZX-39;T820 00I;DIA NORMAL;LABFUEPUNMAN;31/07/2026 12:01:31;01-01-1900 00:00:00; -04:00;00:22:37;00:00:00 - 00:00:00;NOK;90;0,58;8,15;0,33
T822;FS-1B2026;FLXP-66;T822 00I;DIA NORMAL;LABPRENOC;30/07/2026 23:32:42;31-07-2026 00:24:12; -04:00;00:51:30;00:00:00 - 00:00:00;NOK;90;14,09;22,10;0,39
T822;FS-1B2026;FLXP-66;T822 00R;DIA NORMAL;LABNOC;31/07/2026 01:01:43;31-07-2026 01:47:17; -04:00;00:45:34;00:00:00 - 00:00:00;NOK;90;0,59;22,81;0,49
T822;FS-1B2034;FLXP-75;T822 00I;DIA NORMAL;LABFUEPUNMAN;31/07/2026 10:51:49;01-01-1900 00:00:00; -04:00;01:18:33;00:00:00 - 00:00:00;NOK;90;0,55;22,10;0,27
T822;FS-1B2036;FLXP-77;T822 03I;DIA NORMAL;LABPUNMAN;31/07/2026 06:59:54;31-07-2026 08:23:26; -04:00;01:23:32;00:00:00 - 00:00:00;NOK;90;2,08;22,29;0,26
T822;FS-1B2036;FLXP-77;T822 00R;DIA NORMAL;LABTRAPUNMAN;31/07/2026 08:40:57;31-07-2026 09:52:58; -04:00;01:12:01;00:00:00 - 00:00:00;NOK;90;0,58;22,79;0,31
T822;FS-1B2036;FLXP-77;T822 00I;DIA NORMAL;LABFUEPUNMAN;31/07/2026 10:22:58;01-01-1900 00:00:00; -04:00;01:04:01;00:00:00 - 00:00:00;NOK;90;0,43;22,30;0,34
T822;FS-1B2036;FLXP-77;T822 00R;DIA NORMAL;LABFUEPUNMAN;31/07/2026 11:50:00;01-01-1900 00:00:00; -04:00;00:25:21;00:00:00 - 00:00:00;NOK;90;0,49;8,05;0,30
T822;STM-1B2006;FLXS-49;T822 00R;DIA NORMAL;LABPUNMAN;31/07/2026 06:33:18;31-07-2026 06:38:18; -04:00;00:05:00;00:00:00 - 00:00:00;NOK;90;22,48;23,06;0,12
T822;CO-1B2097;LDJW-34;T822 03I;DIA NORMAL;LABFUEPUNMAN;31/07/2026 09:45:00;31-07-2026 09:55:19; -04:00;00:10:19;00:00:00 - 00:00:00;NOK;95;0,44;4,06;0,35
T822;CO-1B2097;LDJW-34;T822 00I;DIA NORMAL;LABFUEPUNMAN;31/07/2026 09:45:00;31-07-2026 10:52:01; -04:00;01:07:01;00:00:00 - 00:00:00;NOK;95;6,01;22,17;0,32
T822;CO-1B2097;LDJW-34;T822 00R;DIA NORMAL;LABFUEPUNMAN;31/07/2026 11:19:31;01-01-1900 00:00:00; -04:00;00:59:31;00:00:00 - 00:00:00;NOK;95;0,42;20,00;0,33
T822;CO-1B2110;LDJW-47;T822 00I;DIA NORMAL;LABFUEPUNMAN;31/07/2026 12:12:12;01-01-1900 00:00:00; -04:00;00:07:33;00:00:00 - 00:00:00;NOK;95;0,55;2,10;0,21
T822;SM-1B2113;LJDL-48;T822 00I;DIA NORMAL;LABFUEPUNMAN;31/07/2026 10:13:19;01-01-1900 00:00:00; -04:00;01:06:01;00:00:00 - 00:00:00;NOK;95;0,48;22,10;0,33
T822;SM-1B2113;LJDL-48;T822 00R;DIA NORMAL;LABFUEPUNMAN;31/07/2026 11:38:50;01-01-1900 00:00:00; -04:00;00:44:25;00:00:00 - 00:00:00;NOK;95;0,41;16,05;0,35
T822;STM-1A1030;SHXF-23;T822 00I;DIA NORMAL;LABFUEPUNMAN;31/07/2026 10:03:02;31-07-2026 11:03:04; -04:00;01:00:02;00:00:00 - 00:00:00;NOK;77;0,57;22,12;0,36
T822;STM-1E3063;STHC-54;T822 00I;DIA NORMAL;LABTRANOC;31/07/2026 06:23:18;31-07-2026 06:58:51; -04:00;00:35:33;00:00:00 - 00:00:00;NOK;90;0,43;14,19;0,39
T822;STM-1E3063;STHC-54;T822 03I;DIA NORMAL;LABPUNMAN;31/07/2026 06:23:18;31-07-2026 07:26:49; -04:00;01:03:31;00:00:00 - 00:00:00;NOK;90;16,18;22,45;0,29
T822;STM-1E3063;STHC-54;T822 00R;DIA NORMAL;LABPUNMAN;31/07/2026 07:53:57;31-07-2026 09:06:28; -04:00;01:12:31;00:00:00 - 00:00:00;NOK;90;0,57;22,84;0,31
T822;STM-1E3063;STHC-54;T822 03I;DIA NORMAL;LABTRAPUNMAN;31/07/2026 09:28:29;31-07-2026 09:59:00; -04:00;00:30:31;00:00:00 - 00:00:00;NOK;90;0,51;12,37;0,39
T822;STM-1E3063;STHC-54;T822 00I;DIA NORMAL;LABFUEPUNMAN;31/07/2026 09:28:29;31-07-2026 10:32:00; -04:00;01:03:31;00:00:00 - 00:00:00;NOK;90;14,22;22,12;0,29
T822;STM-1E3063;STHC-54;T822 00R;DIA NORMAL;LABFUEPUNMAN;31/07/2026 11:07:30;01-01-1900 00:00:00; -04:00;01:04:31;00:00:00 - 00:00:00;NOK;90;0,51;22,81;0,35
T822;STM-1E3083;STHF-78;T822 00I;DIA NORMAL;LABNOC;31/07/2026 04:31:14;31-07-2026 05:09:15; -04:00;00:38:01;00:00:00 - 00:00:00;NOK;90;0,56;22,10;0,57
T822;STM-1E3083;STHF-78;T822 00R;DIA NORMAL;LABTRANOC;31/07/2026 05:32:17;31-07-2026 06:17:47; -04:00;00:45:30;00:00:00 - 00:00:00;NOK;90;0,56;22,80;0,49
T822;STM-1E3083;STHF-78;T822 00I;DIA NORMAL;LABPUNMAN;31/07/2026 06:31:48;31-07-2026 06:57:19; -04:00;00:25:31;00:00:00 - 00:00:00;NOK;90;0,69;8,00;0,29
T822;STM-1E3083;STHF-78;T822 03I;DIA NORMAL;LABPUNMAN;31/07/2026 06:31:48;31-07-2026 07:38:20; -04:00;01:06:32;00:00:00 - 00:00:00;NOK;90;10,32;22,39;0,34
T822;STM-1E3083;STHF-78;T822 00R;DIA NORMAL;LABTRAPUNMAN;31/07/2026 08:07:50;31-07-2026 09:27:51; -04:00;01:20:01;00:00:00 - 00:00:00;NOK;90;0,47;22,83;0,28
T822;STM-1E3083;STHF-78;T822 00I;DIA NORMAL;LABFUEPUNMAN;31/07/2026 10:36:34;01-01-1900 00:00:00; -04:00;01:12:30;00:00:00 - 00:00:00;NOK;90;0,41;22,19;0,30
T822;STM-1E3083;STHF-78;T822 00R;DIA NORMAL;LABFUEPUNMAN;31/07/2026 12:07:35;01-01-1900 00:00:00; -04:00;00:11:30;00:00:00 - 00:00:00;NOK;90;0,61;4,00;0,29
T822;STM-1E3085;STHF-84;T822 00I;DIA NORMAL;LABTRANOC;31/07/2026 05:31:37;31-07-2026 06:17:38; -04:00;00:46:01;00:00:00 - 00:00:00;NOK;90;0,53;22,22;0,47
T822;STM-1E3085;STHF-84;T822 00R;DIA NORMAL;LABPUNMAN;31/07/2026 06:47:09;31-07-2026 07:45:11; -04:00;00:58:02;00:00:00 - 00:00:00;NOK;90;0,63;22,69;0,38
T822;STM-1E3085;STHF-84;T822 03I;DIA NORMAL;LABTRAPUNMAN;31/07/2026 08:08:42;31-07-2026 09:24:44; -04:00;01:16:02;00:00:00 - 00:00:00;NOK;90;0,52;22,29;0,29
T822;STM-1E3085;STHF-84;T822 00R;DIA NORMAL;LABFUEPUNMAN;31/07/2026 09:54:14;31-07-2026 10:48:02; -04:00;00:53:48;00:00:00 - 00:00:00;NOK;90;0,45;20,04;0,36
T822;STM-1E3086;STHF-88;T822 00I;DIA NORMAL;LABTRANOC;31/07/2026 05:40:32;31-07-2026 06:44:05; -04:00;01:03:33;00:00:00 - 00:00:00;NOK;90;0,63;22,20;0,34
T822;STM-1E3086;STHF-88;T822 00R;DIA NORMAL;LABPUNMAN;31/07/2026 07:09:00;31-07-2026 08:32:01; -04:00;01:23:01;00:00:00 - 00:00:00;NOK;90;0,43;22,79;0,27
T822;STM-1E3086;STHF-88;T822 03I;DIA NORMAL;LABTRAPUNMAN;31/07/2026 08:42:02;31-07-2026 09:53:58; -04:00;01:11:56;00:00:00 - 00:00:00;NOK;90;0,52;20,03;0,27
T822;STM-1E3086;STHF-88;T822 00I;DIA NORMAL;LABFUEPUNMAN;31/07/2026 08:42:02;31-07-2026 10:03:33; -04:00;01:21:31;00:00:00 - 00:00:00;NOK;90;22,00;22,11;0,22
T822;STM-1E3086;STHF-88;T822 00R;DIA NORMAL;LABFUEPUNMAN;31/07/2026 10:31:33;01-01-1900 00:00:00; -04:00;01:11:32;00:00:00 - 00:00:00;NOK;90;0,50;22,67;0,31
T822;STM-1E3089;STHJ-72;T822 03I;DIA NORMAL;LABPUNMAN;31/07/2026 07:21:04;31-07-2026 08:32:05; -04:00;01:11:01;00:00:00 - 00:00:00;NOK;90;0,48;22,29;0,31
T822;STM-1E3089;STHJ-72;T822 00R;DIA NORMAL;LABTRAPUNMAN;31/07/2026 09:06:36;31-07-2026 10:16:08; -04:00;01:09:32;00:00:00 - 00:00:00;NOK;90;0,43;22,72;0,32
T822;STM-1E3089;STHJ-72;T822 00I;DIA NORMAL;LABFUEPUNMAN;31/07/2026 11:07:09;01-01-1900 00:00:00; -04:00;01:05:32;00:00:00 - 00:00:00;NOK;90;0,68;22,10;0,33
T822;STM-1E3090;STHJ-74;T822 00R;DIA NORMAL;LABPRENOC;31/07/2026 00:01:56;31-07-2026 00:51:28; -04:00;00:49:32;00:00:00 - 00:00:00;NOK;90;0,60;22,67;0,45
T822;STM-1E3095;STHJ-99;T822 03I;DIA NORMAL;LABTRAPUNMAN;31/07/2026 08:20:31;31-07-2026 09:43:32; -04:00;01:23:01;00:00:00 - 00:00:00;NOK;90;0,51;22,29;0,26
T822;STM-1E3095;STHJ-99;T822 00R;DIA NORMAL;LABFUEPUNMAN;31/07/2026 10:20:32;01-01-1900 00:00:00; -04:00;01:07:31;00:00:00 - 00:00:00;NOK;90;0,50;22,86;0,33
T822;STM-1E3095;STHJ-99;T822 00I;DIA NORMAL;LABFUEPUNMAN;31/07/2026 11:58:33;01-01-1900 00:00:00; -04:00;00:23:21;00:00:00 - 00:00:00;NOK;90;0,58;6,08;0,24
T822;STM-1E3099;STHK-20;T822 03I;DIA NORMAL;LABTRAPUNMAN;31/07/2026 08:29:09;31-07-2026 09:41:41; -04:00;01:12:32;00:00:00 - 00:00:00;NOK;90;0,59;22,39;0,30
T822;STM-1E3099;STHK-20;T822 00R;DIA NORMAL;LABFUEPUNMAN;31/07/2026 10:07:11;31-07-2026 11:12:42; -04:00;01:05:31;00:00:00 - 00:00:00;NOK;90;0,45;22,81;0,34
T822;STM-1E3099;STHK-20;T822 00I;DIA NORMAL;LABFUEPUNMAN;31/07/2026 11:35:43;01-01-1900 00:00:00; -04:00;00:43:07;00:00:00 - 00:00:00;NOK;90;0,57;16,29;0,36
T822;STM-1E3101;STHK-28;T822 03I;DIA NORMAL;LABPUNMAN;31/07/2026 07:01:03;31-07-2026 08:27:05; -04:00;01:26:02;00:00:00 - 00:00:00;NOK;90;0,65;22,29;0,25
T822;STM-1E3101;STHK-28;T822 00R;DIA NORMAL;LABTRAPUNMAN;31/07/2026 08:54:05;31-07-2026 09:53:36; -04:00;00:59:31;00:00:00 - 00:00:00;NOK;90;0,51;22,78;0,37
T822;STM-1E3101;STHK-28;T822 00I;DIA NORMAL;LABFUEPUNMAN;31/07/2026 11:26:18;01-01-1900 00:00:00; -04:00;00:52:52;00:00:00 - 00:00:00;NOK;90;0,54;18,12;0,33
T822;STM-1E3103;STHK-38;T822 00R;DIA NORMAL;LABTRANOC;31/07/2026 06:01:51;31-07-2026 06:44:22; -04:00;00:42:31;00:00:00 - 00:00:00;NOK;90;0,62;22,89;0,52
T822;STM-1E3105;STHK-53;T822 00I;DIA NORMAL;LABNOC;31/07/2026 04:01:10;31-07-2026 04:39:11; -04:00;00:38:01;00:00:00 - 00:00:00;NOK;90;0,58;22,10;0,57
T822;STM-1E3105;STHK-53;T822 00R;DIA NORMAL;LABNOC;31/07/2026 05:19:11;31-07-2026 06:04:42; -04:00;00:45:31;00:00:00 - 00:00:00;NOK;90;0,53;22,87;0,49
T822;STM-1E3105;STHK-53;T822 00I;DIA NORMAL;LABTRANOC;31/07/2026 06:16:42;31-07-2026 06:56:27; -04:00;00:39:45;00:00:00 - 00:00:00;NOK;90;0,67;16,16;0,39
T822;STM-1E3105;STHK-53;T822 03I;DIA NORMAL;LABPUNMAN;31/07/2026 06:16:42;31-07-2026 07:16:14; -04:00;00:59:32;00:00:00 - 00:00:00;NOK;90;18,00;22,34;0,30
T822;STM-1E3105;STHK-53;T822 00R;DIA NORMAL;LABPUNMAN;31/07/2026 07:26:44;31-07-2026 08:39:45; -04:00;01:13:01;00:00:00 - 00:00:00;NOK;90;0,45;22,88;0,31
T822;STM-1E3105;STHK-53;T822 03I;DIA NORMAL;LABTRAPUNMAN;31/07/2026 08:56:46;31-07-2026 09:54:20; -04:00;00:57:34;00:00:00 - 00:00:00;NOK;90;0,57;18,00;0,30
T822;STM-1E3105;STHK-53;T822 00I;DIA NORMAL;LABFUEPUNMAN;31/07/2026 08:56:46;31-07-2026 10:08:51; -04:00;01:12:05;00:00:00 - 00:00:00;NOK;90;20,21;22,11;0,30
T822;STM-1E3105;STHK-53;T822 00R;DIA NORMAL;LABFUEPUNMAN;31/07/2026 10:44:51;01-01-1900 00:00:00; -04:00;01:03:32;00:00:00 - 00:00:00;NOK;90;0,49;22,69;0,35
T822;STM-1E3108;STHK-70;T822 00R;DIA NORMAL;LABTRANOC;31/07/2026 05:44:02;31-07-2026 06:28:03; -04:00;00:44:01;00:00:00 - 00:00:00;NOK;90;0,62;22,79;0,50
T822;STM-1E3108;STHK-70;T822 00I;DIA NORMAL;LABPUNMAN;31/07/2026 06:40:03;31-07-2026 06:54:27; -04:00;00:14:24;00:00:00 - 00:00:00;NOK;90;1,06;6,05;0,35
T822;STM-1E3108;STHK-70;T822 03I;DIA NORMAL;LABPUNMAN;31/07/2026 06:40:03;31-07-2026 07:41:04; -04:00;01:01:01;00:00:00 - 00:00:00;NOK;90;8,22;22,29;0,36
T822;STM-1E3108;STHK-70;T822 00R;DIA NORMAL;LABTRAPUNMAN;31/07/2026 08:20:04;31-07-2026 09:30:06; -04:00;01:10:02;00:00:00 - 00:00:00;NOK;90;0,54;22,82;0,32
T822;STM-1E3111;STHL-29;T822 00R;DIA NORMAL;LABPRENOC;30/07/2026 23:30:54;31-07-2026 00:16:54; -04:00;00:46:00;00:00:00 - 00:00:00;NOK;90;16,32;22,69;0,40
T822;STM-1E3121;STHR-23;T822 00I;DIA NORMAL;LABNOC;31/07/2026 05:00:39;31-07-2026 05:45:10; -04:00;00:44:31;00:00:00 - 00:00:00;NOK;90;0,44;22,10;0,49
T822;STM-1E3121;STHR-23;T822 00R;DIA NORMAL;LABPUNMAN;31/07/2026 06:32:40;31-07-2026 07:27:41; -04:00;00:55:01;00:00:00 - 00:00:00;NOK;90;0,55;22,79;0,40
T822;STM-1E3121;STHR-23;T822 03I;DIA NORMAL;LABPUNMAN;31/07/2026 07:46:41;31-07-2026 09:01:12; -04:00;01:14:31;00:00:00 - 00:00:00;NOK;90;0,55;22,29;0,29
T822;STM-1E3121;STHR-23;T822 00R;DIA NORMAL;LABFUEPUNMAN;31/07/2026 09:37:43;31-07-2026 10:45:44; -04:00;01:08:01;00:00:00 - 00:00:00;NOK;90;0,59;22,76;0,33
T822;STM-1E3121;STHR-23;T822 00I;DIA NORMAL;LABFUEPUNMAN;31/07/2026 11:49:19;01-01-1900 00:00:00; -04:00;00:32:50;00:00:00 - 00:00:00;NOK;90;0,41;10,15;0,30
T822;STM-1E3127;TXZH-25;T822 00I;DIA NORMAL;LABTRANOC;31/07/2026 06:06:33;31-07-2026 06:58:39; -04:00;00:52:06;00:00:00 - 00:00:00;NOK;90;0,41;16,32;0,31
T822;STM-1E3127;TXZH-25;T822 03I;DIA NORMAL;LABPUNMAN;31/07/2026 06:06:33;31-07-2026 07:20:34; -04:00;01:14:01;00:00:00 - 00:00:00;NOK;90;18,07;22,29;0,28
T822;STM-1E3127;TXZH-25;T822 00R;DIA NORMAL;LABPUNMAN;31/07/2026 07:42:04;31-07-2026 09:02:05; -04:00;01:20:01;00:00:00 - 00:00:00;NOK;90;0,52;22,78;0,28
T822;STM-1E3127;TXZH-25;T822 03I;DIA NORMAL;LABTRAPUNMAN;31/07/2026 09:17:36;31-07-2026 09:55:38; -04:00;00:38:02;00:00:00 - 00:00:00;NOK;90;0,57;14,29;0,36
T822;STM-1E3127;TXZH-25;T822 00I;DIA NORMAL;LABFUEPUNMAN;31/07/2026 09:17:36;31-07-2026 10:24:36; -04:00;01:07:00;00:00:00 - 00:00:00;NOK;90;16,07;22,10;0,27
T822;STM-1E3127;TXZH-25;T822 00R;DIA NORMAL;LABFUEPUNMAN;31/07/2026 10:58:07;01-01-1900 00:00:00; -04:00;01:13:01;00:00:00 - 00:00:00;NOK;90;0,52;22,72;0,30
T822;STM-1E3129;TXZH-28;T822 00I;DIA NORMAL;LABNOC;31/07/2026 05:16:01;31-07-2026 06:03:32; -04:00;00:47:31;00:00:00 - 00:00:00;NOK;90;0,44;22,12;0,46
T822;STM-1E3129;TXZH-28;T822 00R;DIA NORMAL;LABTRANOC;31/07/2026 06:16:32;31-07-2026 07:12:33; -04:00;00:56:01;00:00:00 - 00:00:00;NOK;90;0,57;22,80;0,40
T822;STM-1E3129;TXZH-28;T822 03I;DIA NORMAL;LABPUNMAN;31/07/2026 07:31:33;31-07-2026 08:53:34; -04:00;01:22:01;00:00:00 - 00:00:00;NOK;90;0,60;22,44;0,27
T822;STM-1E3129;TXZH-28;T822 00R;DIA NORMAL;LABTRAPUNMAN;31/07/2026 09:23:04;31-07-2026 10:27:05; -04:00;01:04:01;00:00:00 - 00:00:00;NOK;90;0,42;22,83;0,35
T822;STM-1E3129;TXZH-28;T822 00I;DIA NORMAL;LABFUEPUNMAN;31/07/2026 11:17:06;01-01-1900 00:00:00; -04:00;01:05:56;00:00:00 - 00:00:00;NOK;90;0,60;20,03;0,29
T822;STM-1E3131;TXZH-31;T822 00R;DIA NORMAL;LABPRENOC;31/07/2026 00:32:13;31-07-2026 01:12:14; -04:00;00:40:01;00:00:00 - 00:00:00;NOK;90;0,51;22,67;0,55
T824;CO-1B2085;LDJV-43;T824 00I;DIA NORMAL;LABTRAPUNMAN;31/07/2026 08:12:20;31-07-2026 10:07:24; -04:00;01:55:04;00:00:00 - 00:00:00;NOK;95;0,08;26,08;0,23
T824;CO-1B2085;LDJV-43;T824 00I;DIA NORMAL;LABFUEPUNMAN;31/07/2026 10:56:55;01-01-1900 00:00:00; -04:00;01:24:22;00:00:00 - 00:00:00;NOK;95;0,20;18,07;0,21
T824;SM-1B2111;LDJW-48;T824 00I;DIA NORMAL;LABFUEPUNMAN;31/07/2026 10:36:06;01-01-1900 00:00:00; -04:00;01:45:33;00:00:00 - 00:00:00;NOK;95;0,09;24,04;0,23
T824;CO-1E3002;SJTD-57;T824 00I;DIA NORMAL;LABTRANOC;31/07/2026 06:04:16;31-07-2026 07:37:17; -04:00;01:33:01;00:00:00 - 00:00:00;NOK;90;0,11;26,08;0,28
T824;CO-1E3002;SJTD-57;T824 00I;DIA NORMAL;LABPUNMAN;31/07/2026 07:49:18;31-07-2026 09:50:50; -04:00;02:01:32;00:00:00 - 00:00:00;NOK;90;0,24;26,10;0,21
T824;CO-1E3002;SJTD-57;T824 00I;DIA NORMAL;LABFUEPUNMAN;31/07/2026 10:20:50;01-01-1900 00:00:00; -04:00;01:37:31;00:00:00 - 00:00:00;NOK;90;0,93;26,15;0,26
T824;CO-1E3004;SJTD-61;T824 00I;DIA NORMAL;LABTRANOC;31/07/2026 06:19:22;31-07-2026 08:06:24; -04:00;01:47:02;00:00:00 - 00:00:00;NOK;90;0,21;26,16;0,24
T824;CO-1E3004;SJTD-61;T824 00I;DIA NORMAL;LABTRAPUNMAN;31/07/2026 08:08:54;31-07-2026 10:12:57; -04:00;02:04:03;00:00:00 - 00:00:00;NOK;90;0,02;26,10;0,21
T824;CO-1E3005;SJTD-62;T824 00I;DIA NORMAL;LABPUNMAN;31/07/2026 06:52:23;31-07-2026 08:42:24; -04:00;01:50:01;00:00:00 - 00:00:00;NOK;90;0,08;26,16;0,24
T824;CO-1E3005;SJTD-62;T824 00I;DIA NORMAL;LABTRAPUNMAN;31/07/2026 08:50:54;31-07-2026 10:32:56; -04:00;01:42:02;00:00:00 - 00:00:00;NOK;90;0,09;26,11;0,25
T824;CO-1E3005;SJTD-62;T824 00I;DIA NORMAL;LABFUEPUNMAN;31/07/2026 10:35:26;31-07-2026 11:11:51; -04:00;00:36:25;00:00:00 - 00:00:00;NOK;90;0,02;2,97;0,08
T824;CO-1E3005;SJTD-62;T824 00I;DIA NORMAL;LABFUEPUNMAN;31/07/2026 11:15:57;01-01-1900 00:00:00; -04:00;01:00:26;00:00:00 - 00:00:00;NOK;90;0,13;16,02;0,26
T824;STM-1B3050;SPZX-56;T824 00I;DIA NORMAL;LABTRANOC;31/07/2026 05:30:57;31-07-2026 06:50:28; -04:00;01:19:31;00:00:00 - 00:00:00;NOK;90;0,07;26,07;0,33
T824;STM-1B3050;SPZX-56;T824 00I;DIA NORMAL;LABPUNMAN;31/07/2026 06:52:58;31-07-2026 07:05:18; -04:00;00:12:20;00:00:00 - 00:00:00;NOK;90;0,02;2,96;0,24
T824;STM-1B3050;SPZX-56;T824 00I;DIA NORMAL;LABPUNMAN;31/07/2026 07:05:58;31-07-2026 09:19:01; -04:00;02:13:03;00:00:00 - 00:00:00;NOK;90;0,08;26,16;0,20
T824;STM-1B3050;SPZX-56;T824 00I;DIA NORMAL;LABTRAPUNMAN;31/07/2026 09:20:31;31-07-2026 09:37:21; -04:00;00:16:50;00:00:00 - 00:00:00;NOK;90;0,01;2,96;0,18
T824;STM-1B3050;SPZX-56;T824 00I;DIA NORMAL;LABFUEPUNMAN;31/07/2026 09:38:01;01-01-1900 00:00:00; -04:00;01:54:03;00:00:00 - 00:00:00;NOK;90;0,08;26,16;0,23
T824;STM-1B3050;SPZX-56;T824 00I;DIA NORMAL;LABFUEPUNMAN;31/07/2026 11:57:34;01-01-1900 00:00:00; -04:00;00:25:38;00:00:00 - 00:00:00;NOK;90;0,07;8,26;0,32
T824;STM-1E3070;STHD-72;T824 00I;DIA NORMAL;LABTRANOC;31/07/2026 05:42:24;31-07-2026 06:58:56; -04:00;01:16:32;00:00:00 - 00:00:00;NOK;90;0,34;26,16;0,34
T824;STM-1E3070;STHD-72;T824 00I;DIA NORMAL;LABPUNMAN;31/07/2026 07:00:26;31-07-2026 07:14:17; -04:00;00:13:51;00:00:00 - 00:00:00;NOK;90;0,02;2,97;0,21
T824;STM-1E3070;STHD-72;T824 00I;DIA NORMAL;LABPUNMAN;31/07/2026 07:14:57;31-07-2026 09:18:00; -04:00;02:03:03;00:00:00 - 00:00:00;NOK;90;0,08;26,16;0,21
T824;STM-1E3070;STHD-72;T824 00I;DIA NORMAL;LABTRAPUNMAN;31/07/2026 09:25:30;31-07-2026 11:17:02; -04:00;01:51:32;00:00:00 - 00:00:00;NOK;90;0,12;26,13;0,23
T824;STM-1E3074;STHF-35;T824 00I;DIA NORMAL;LABPUNMAN;31/07/2026 06:35:13;31-07-2026 08:15:46; -04:00;01:40:33;00:00:00 - 00:00:00;NOK;90;0,03;26,09;0,26
T824;CO-1E3135;TXZH-35;T824 00I;DIA NORMAL;LABTRANOC;31/07/2026 05:55:54;31-07-2026 07:27:55; -04:00;01:32:01;00:00:00 - 00:00:00;NOK;90;0,07;26,16;0,28
T824;CO-1E3135;TXZH-35;T824 00I;DIA NORMAL;LABPUNMAN;31/07/2026 07:29:25;31-07-2026 07:35:45; -04:00;00:06:20;00:00:00 - 00:00:00;NOK;90;0,02;2,98;0,47
T824;CO-1E3135;TXZH-35;T824 00I;DIA NORMAL;LABPUNMAN;31/07/2026 07:36:25;31-07-2026 09:44:57; -04:00;02:08:32;00:00:00 - 00:00:00;NOK;90;0,08;26,12;0,20
T824;CO-1E3135;TXZH-35;T824 00I;DIA NORMAL;LABFUEPUNMAN;31/07/2026 09:46:27;31-07-2026 09:57:17; -04:00;00:10:50;00:00:00 - 00:00:00;NOK;90;0,02;2,94;0,27
T824;CO-1E3135;TXZH-35;T824 00I;DIA NORMAL;LABFUEPUNMAN;31/07/2026 09:57:57;01-01-1900 00:00:00; -04:00;01:48:32;00:00:00 - 00:00:00;NOK;90;0,10;26,08;0,24
T824;CO-1E3135;TXZH-35;T824 00I;DIA NORMAL;LABFUEPUNMAN;31/07/2026 11:50:29;01-01-1900 00:00:00; -04:00;00:24:20;00:00:00 - 00:00:00;NOK;90;0,02;2,95;0,12
T824;CO-1E3135;TXZH-35;T824 00I;DIA NORMAL;LABFUEPUNMAN;31/07/2026 12:15:59;01-01-1900 00:00:00; -04:00;00:05:53;00:00:00 - 00:00:00;NOK;90;0,16;2,06;0,32
T825;FS-1B2029;FLXP-69;T825 00I;DIA NORMAL;LABTRANOC;31/07/2026 06:10:22;31-07-2026 06:49:53; -04:00;00:39:31;00:00:00 - 00:00:00;NOK;90;0,44;15,50;0,38
T825;FS-1B2029;FLXP-69;T825 00I;DIA NORMAL;LABPUNMAN;31/07/2026 07:11:24;31-07-2026 08:05:56; -04:00;00:54:32;00:00:00 - 00:00:00;NOK;90;0,48;15,41;0,27
T825;FS-1B2029;FLXP-69;T825 00I;DIA NORMAL;LABTRAPUNMAN;31/07/2026 08:21:27;31-07-2026 09:22:29; -04:00;01:01:02;00:00:00 - 00:00:00;NOK;90;0,55;15,28;0,24
T825;FS-1B2029;FLXP-69;T825 00I;DIA NORMAL;LABFUEPUNMAN;31/07/2026 09:51:29;31-07-2026 10:42:04; -04:00;00:50:35;00:00:00 - 00:00:00;NOK;90;0,46;15,50;0,30
T825;FS-1B2029;FLXP-69;T825 00I;DIA NORMAL;LABFUEPUNMAN;31/07/2026 10:50:34;01-01-1900 00:00:00; -04:00;00:56:01;00:00:00 - 00:00:00;NOK;90;0,48;15,50;0,27
T825;FS-1B2030;FLXP-70;T825 00I;DIA NORMAL;LABTRAPUNMAN;31/07/2026 08:04:22;31-07-2026 09:16:26; -04:00;01:12:04;00:00:00 - 00:00:00;NOK;90;0,55;15,41;0,21
T825;FS-1B2030;FLXP-70;T825 00I;DIA NORMAL;LABFUEPUNMAN;31/07/2026 09:33:26;31-07-2026 10:33:51; -04:00;01:00:25;00:00:00 - 00:00:00;NOK;90;0,44;15,28;0,25
T825;FS-1B2033;FLXP-73;T825 00I;DIA NORMAL;LABNOC;31/07/2026 05:29:12;31-07-2026 06:02:42; -04:00;00:33:30;00:00:00 - 00:00:00;NOK;90;0,55;15,34;0,44
T825;FS-1B2033;FLXP-73;T825 00I;DIA NORMAL;LABPUNMAN;31/07/2026 06:32:43;31-07-2026 07:13:43; -04:00;00:41:00;00:00:00 - 00:00:00;NOK;90;0,43;15,46;0,37
T825;FS-1B2033;FLXP-73;T825 00I;DIA NORMAL;LABPUNMAN;31/07/2026 07:30:43;31-07-2026 08:43:14; -04:00;01:12:31;00:00:00 - 00:00:00;NOK;90;0,43;15,35;0,21
T825;FS-1B2033;FLXP-73;T825 00I;DIA NORMAL;LABTRAPUNMAN;31/07/2026 08:49:44;31-07-2026 09:54:15; -04:00;01:04:31;00:00:00 - 00:00:00;NOK;90;0,48;15,43;0,23
T825;FS-1B2033;FLXP-73;T825 00I;DIA NORMAL;LABFUEPUNMAN;31/07/2026 10:09:45;31-07-2026 11:01:16; -04:00;00:51:31;00:00:00 - 00:00:00;NOK;90;0,53;15,49;0,29
T825;FS-1B2033;FLXP-73;T825 00I;DIA NORMAL;LABFUEPUNMAN;31/07/2026 11:08:46;01-01-1900 00:00:00; -04:00;00:58:01;00:00:00 - 00:00:00;NOK;90;0,54;15,50;0,26
T825;STM-1B2025;FLXP-87;T825 00I;DIA NORMAL;LABTRANOC;31/07/2026 05:49:59;31-07-2026 06:25:29; -04:00;00:35:30;00:00:00 - 00:00:00;NOK;90;0,54;15,44;0,42
T825;STM-1B2025;FLXP-87;T825 00I;DIA NORMAL;LABPUNMAN;31/07/2026 06:50:31;31-07-2026 07:36:01; -04:00;00:45:30;00:00:00 - 00:00:00;NOK;90;0,57;15,50;0,33
T825;STM-1B2025;FLXP-87;T825 00I;DIA NORMAL;LABPUNMAN;31/07/2026 07:51:01;31-07-2026 08:52:04; -04:00;01:01:03;00:00:00 - 00:00:00;NOK;90;0,60;15,37;0,24
T825;STM-1B2025;FLXP-87;T825 00I;DIA NORMAL;LABTRAPUNMAN;31/07/2026 09:10:34;31-07-2026 10:04:07; -04:00;00:53:33;00:00:00 - 00:00:00;NOK;90;0,56;15,48;0,28
T825;STM-1B2025;FLXP-87;T825 00I;DIA NORMAL;LABFUEPUNMAN;31/07/2026 10:20:37;31-07-2026 11:13:09; -04:00;00:52:32;00:00:00 - 00:00:00;NOK;90;0,44;15,53;0,29
T825;STM-1B2025;FLXP-87;T825 00I;DIA NORMAL;LABFUEPUNMAN;31/07/2026 11:29:40;01-01-1900 00:00:00; -04:00;00:53:31;00:00:00 - 00:00:00;NOK;90;0,72;15,45;0,28
T825;STM-1B2008;FLXS-51;T825 00I;DIA NORMAL;LABNOC;31/07/2026 05:10:30;31-07-2026 05:47:30; -04:00;00:37:00;00:00:00 - 00:00:00;NOK;90;0,46;15,31;0,40
T825;FLXS-61;FLXS-61;T825 00I;DIA NORMAL;LABPRENOC;30/07/2026 23:42:22;31-07-2026 00:23:53; -04:00;00:41:31;00:00:00 - 00:00:00;NOK;90;8,03;15,28;0,37
T826;FS-1B2028;FLXP-68;T826 03I;DIA NORMAL;LABPRENOC;30/07/2026 23:22:45;31-07-2026 00:52:18; -04:00;01:29:33;00:00:00 - 00:00:00;NOK;90;16,14;30,79;0,31
T826;FS-1B2028;FLXP-68;T826 03I;DIA NORMAL;LABTRANOC;31/07/2026 05:51:28;31-07-2026 05:55:39; -04:00;00:04:11;00:00:00 - 00:00:00;NOK;90;0,57;2,27;0,41
T826;FS-1B2028;FLXP-68;T826 00I;DIA NORMAL;LABTRANOC;31/07/2026 05:51:28;31-07-2026 07:53:01; -04:00;02:01:33;00:00:00 - 00:00:00;NOK;90;5,10;32,94;0,25
T826;FS-1B2031;FLXP-71;T826 03I;DIA NORMAL;LABPRENOC;30/07/2026 22:38:45;31-07-2026 00:24:51; -04:00;01:46:06;00:00:00 - 00:00:00;NOK;90;22,14;30,76;0,38
T826;FS-1B2033;FLXP-73;T826 03I;DIA NORMAL;LABPRENOC;30/07/2026 23:45:02;31-07-2026 00:59:03; -04:00;01:14:01;00:00:00 - 00:00:00;NOK;90;8,20;30,79;0,40
T826;FS-1B2037;FLXP-78;T826 00I;DIA NORMAL;LABPUNMAN;31/07/2026 07:36:02;31-07-2026 10:06:05; -04:00;02:30:03;00:00:00 - 00:00:00;NOK;90;0,69;33,12;0,22
T826;FS-1B2037;FLXP-78;T826 00I;DIA NORMAL;LABFUEPUNMAN;31/07/2026 10:23:36;01-01-1900 00:00:00; -04:00;01:49:33;00:00:00 - 00:00:00;NOK;90;1,06;33,03;0,29
T826;FS-1B2038;FLXP-79;T826 00I;DIA NORMAL;LABFUEPUNMAN;31/07/2026 11:18:02;01-01-1900 00:00:00; -04:00;00:57:44;00:00:00 - 00:00:00;NOK;90;0,42;16,10;0,27
T826;FS-1B2041;FLXP-82;T826 03I;DIA NORMAL;LABNOC;31/07/2026 05:10:51;31-07-2026 05:57:29; -04:00;00:46:38;00:00:00 - 00:00:00;NOK;90;0,59;18,06;0,37
T826;FS-1B2041;FLXP-82;T826 00I;DIA NORMAL;LABTRANOC;31/07/2026 05:10:51;31-07-2026 06:39:53; -04:00;01:29:02;00:00:00 - 00:00:00;NOK;90;20,12;32,95;0,34
T826;FS-1B2041;FLXP-82;T826 00I;DIA NORMAL;LABPUNMAN;31/07/2026 07:13:24;31-07-2026 09:51:59; -04:00;02:38:35;00:00:00 - 00:00:00;NOK;90;0,84;32,91;0,20
T826;FS-1B2041;FLXP-82;T826 00I;DIA NORMAL;LABFUEPUNMAN;31/07/2026 10:31:00;01-01-1900 00:00:00; -04:00;01:52:47;00:00:00 - 00:00:00;NOK;90;0,87;32,04;0,28
T826;STM-1B2022;FLXP-84;T826 00I;DIA NORMAL;LABTRAPUNMAN;31/07/2026 09:00:58;01-01-1900 00:00:00; -04:00;02:19:03;00:00:00 - 00:00:00;NOK;90;0,44;32,95;0,23
T826;STM-1B2022;FLXP-84;T826 00I;DIA NORMAL;LABFUEPUNMAN;31/07/2026 11:38:31;01-01-1900 00:00:00; -04:00;00:43:18;00:00:00 - 00:00:00;NOK;90;0,83;14,16;0,31
T826;STM-1B2000;FLXS-43;T826 00I;DIA NORMAL;LABPUNMAN;31/07/2026 07:23:52;31-07-2026 09:40:54; -04:00;02:17:02;00:00:00 - 00:00:00;NOK;90;0,45;32,91;0,24
T826;STM-1B2000;FLXS-43;T826 00I;DIA NORMAL;LABFUEPUNMAN;31/07/2026 09:54:54;01-01-1900 00:00:00; -04:00;01:58:02;00:00:00 - 00:00:00;NOK;90;0,89;33,04;0,27
T826;STM-1B2007;FLXS-50;T826 03I;DIA NORMAL;LABNOC;31/07/2026 04:51:49;31-07-2026 05:54:32; -04:00;01:02:43;00:00:00 - 00:00:00;NOK;90;0,58;26,16;0,41
T826;STM-1B2007;FLXS-50;T826 00I;DIA NORMAL;LABTRANOC;31/07/2026 04:51:49;31-07-2026 06:10:51; -04:00;01:19:02;00:00:00 - 00:00:00;NOK;90;29,01;33,02;0,37
T826;STM-1B2007;FLXS-50;T826 00I;DIA NORMAL;LABPUNMAN;31/07/2026 06:49:51;31-07-2026 09:17:54; -04:00;02:28:03;00:00:00 - 00:00:00;NOK;90;0,84;32,97;0,22
T826;STM-1B2007;FLXS-50;T826 00I;DIA NORMAL;LABFUEPUNMAN;31/07/2026 09:41:54;01-01-1900 00:00:00; -04:00;02:07:02;00:00:00 - 00:00:00;NOK;90;0,83;32,94;0,25
T826;STM-1B2011;FLXS-54;T826 00I;DIA NORMAL;LABFUEPUNMAN;31/07/2026 10:13:03;31-07-2026 11:11:39; -04:00;00:58:36;00:00:00 - 00:00:00;NOK;90;0,59;16,39;0,27
T826;STM-1B2014;FLXS-57;T826 03I;DIA NORMAL;LABNOC;31/07/2026 04:30:34;31-07-2026 05:40:35; -04:00;01:10:01;00:00:00 - 00:00:00;NOK;90;0,58;30,79;0,43
T826;STM-1B2014;FLXS-57;T826 00I;DIA NORMAL;LABTRANOC;31/07/2026 06:28:37;31-07-2026 08:29:38; -04:00;02:01:01;00:00:00 - 00:00:00;NOK;90;0,64;32,90;0,27
T826;STM-1B2014;FLXS-57;T826 00I;DIA NORMAL;LABTRAPUNMAN;31/07/2026 08:46:09;31-07-2026 10:54:11; -04:00;02:08:02;00:00:00 - 00:00:00;NOK;90;0,88;32,97;0,25
T826;STM-1B2016;FLXS-59;T826 00I;DIA NORMAL;LABPUNMAN;31/07/2026 07:42:12;31-07-2026 10:16:47; -04:00;02:34:35;00:00:00 - 00:00:00;NOK;90;0,40;32,93;0,21
T826;STM-1B2016;FLXS-59;T826 00I;DIA NORMAL;LABFUEPUNMAN;31/07/2026 10:49:48;01-01-1900 00:00:00; -04:00;01:33:09;00:00:00 - 00:00:00;NOK;90;1,11;26,07;0,27
T826;STM-1B2020;FLXS-63;T826 03I;DIA NORMAL;LABNOC;31/07/2026 04:01:17;31-07-2026 05:25:19; -04:00;01:24:02;00:00:00 - 00:00:00;NOK;90;0,45;30,79;0,36
T826;STM-1B2020;FLXS-63;T826 00I;DIA NORMAL;LABTRANOC;31/07/2026 06:13:20;31-07-2026 08:37:23; -04:00;02:24:03;00:00:00 - 00:00:00;NOK;90;0,96;33,02;0,22
T826;STM-1B2020;FLXS-63;T826 00I;DIA NORMAL;LABTRAPUNMAN;31/07/2026 09:17:54;01-01-1900 00:00:00; -04:00;02:27:32;00:00:00 - 00:00:00;NOK;90;0,88;32,98;0,22
T826;STM-1B2020;FLXS-63;T826 00I;DIA NORMAL;LABFUEPUNMAN;31/07/2026 12:00:57;01-01-1900 00:00:00; -04:00;00:19:41;00:00:00 - 00:00:00;NOK;90;0,86;6,04;0,26
T826;HVFH-33;HVFH-33;T826 03I;DIA NORMAL;LABTRANOC;31/07/2026 05:30:49;31-07-2026 05:58:42; -04:00;00:27:53;00:00:00 - 00:00:00;NOK;95;0,52;12,04;0,41
T826;HVFH-33;HVFH-33;T826 00I;DIA NORMAL;LABTRANOC;31/07/2026 05:30:49;31-07-2026 06:55:20; -04:00;01:24:31;00:00:00 - 00:00:00;NOK;95;14,36;33,04;0,34
T826;HVFH-33;HVFH-33;T826 00I;DIA NORMAL;LABTRAPUNMAN;31/07/2026 08:19:22;31-07-2026 11:01:25; -04:00;02:42:03;00:00:00 - 00:00:00;NOK;95;0,64;32,93;0,20
T826;HVFH-33;HVFH-33;T826 00I;DIA NORMAL;LABFUEPUNMAN;31/07/2026 11:05:55;01-01-1900 00:00:00; -04:00;01:17:58;00:00:00 - 00:00:00;NOK;95;0,63;22,01;0,27
T828;CO-1A1020;SHCY-62;T828 00I;DIA NORMAL;LABTRAPUNMAN;31/07/2026 08:43:18;31-07-2026 10:12:50; -04:00;01:29:32;00:00:00 - 00:00:00;NOK;77;0,52;24,35;0,27
T828;CO-1E3006;SJTD-63;T828 00I;DIA NORMAL;LABPUNMAN;31/07/2026 06:46:09;31-07-2026 08:13:12; -04:00;01:27:03;00:00:00 - 00:00:00;NOK;90;0,52;24,15;0,27
T828;CO-1E3006;SJTD-63;T828 00I;DIA NORMAL;LABTRAPUNMAN;31/07/2026 08:24:40;31-07-2026 09:47:12; -04:00;01:22:32;00:00:00 - 00:00:00;NOK;90;0,52;24,13;0,29
T828;CO-1E3006;SJTD-63;T828 00I;DIA NORMAL;LABFUEPUNMAN;31/07/2026 12:12:45;01-01-1900 00:00:00; -04:00;00:11:15;00:00:00 - 00:00:00;NOK;90;0,41;4,12;0,33
T828;CO-1E3016;SKHG-17;T828 00I;DIA NORMAL;LABPUNMAN;31/07/2026 06:31:00;31-07-2026 08:04:01; -04:00;01:33:01;00:00:00 - 00:00:00;NOK;90;0,47;24,14;0,25
T828;CO-1E3016;SKHG-17;T828 00I;DIA NORMAL;LABFUEPUNMAN;31/07/2026 09:52:03;31-07-2026 11:17:04; -04:00;01:25:01;00:00:00 - 00:00:00;NOK;90;0,52;24,19;0,28
T828;CO-1E3018;SKHG-33;T828 00I;DIA NORMAL;LABPUNMAN;31/07/2026 06:58:55;31-07-2026 08:38:57; -04:00;01:40:02;00:00:00 - 00:00:00;NOK;90;0,44;24,16;0,24
T828;CO-1E3018;SKHG-33;T828 00I;DIA NORMAL;LABTRAPUNMAN;31/07/2026 08:51:57;31-07-2026 10:10:58; -04:00;01:19:01;00:00:00 - 00:00:00;NOK;90;0,52;24,24;0,30
T828;CO-1E3021;SKHG-40;T828 00I;DIA NORMAL;LABTRANOC;31/07/2026 05:57:06;31-07-2026 07:24:37; -04:00;01:27:31;00:00:00 - 00:00:00;NOK;90;0,49;24,24;0,27
T828;CO-1E3021;SKHG-40;T828 00I;DIA NORMAL;LABPUNMAN;31/07/2026 07:40:07;31-07-2026 09:36:39; -04:00;01:56:32;00:00:00 - 00:00:00;NOK;90;0,50;24,22;0,20
T828;CO-1E3021;SKHG-40;T828 00I;DIA NORMAL;LABFUEPUNMAN;31/07/2026 10:14:40;01-01-1900 00:00:00; -04:00;01:38:02;00:00:00 - 00:00:00;NOK;90;0,48;24,30;0,24
T828;CO-1E3022;SKHG-42;T828 00I;DIA NORMAL;LABPRENOC;30/07/2026 23:22:14;31-07-2026 00:18:25; -04:00;00:56:11;00:00:00 - 00:00:00;NOK;90;22,17;24,37;0,51
T828;CO-1E3041;SKHG-95;T828 00I;DIA NORMAL;LABPRENOC;30/07/2026 23:01:59;31-07-2026 00:15:00; -04:00;01:13:01;00:00:00 - 00:00:00;NOK;90;22,10;24,24;0,28
T828;STM-1B3047;SPZX-46;T828 00I;DIA NORMAL;LABTRANOC;31/07/2026 06:08:27;31-07-2026 07:29:00; -04:00;01:20:33;00:00:00 - 00:00:00;NOK;90;0,51;24,24;0,29
T828;STM-1B3047;SPZX-46;T828 00I;DIA NORMAL;LABPUNMAN;31/07/2026 07:49:31;31-07-2026 09:37:02; -04:00;01:47:31;00:00:00 - 00:00:00;NOK;90;0,49;24,23;0,22
T828;STM-1B3047;SPZX-46;T828 00I;DIA NORMAL;LABFUEPUNMAN;31/07/2026 10:33:03;01-01-1900 00:00:00; -04:00;01:24:02;00:00:00 - 00:00:00;NOK;90;0,49;24,28;0,28
T828;STM-1B3049;SPZX-55;T828 00I;DIA NORMAL;LABFUEPUNMAN;31/07/2026 11:52:43;01-01-1900 00:00:00; -04:00;00:22:11;00:00:00 - 00:00:00;NOK;90;0,52;8,16;0,34
T828;STM-1B3050;SPZX-56;T828 00I;DIA NORMAL;LABPRENOC;30/07/2026 23:41:05;31-07-2026 00:32:06; -04:00;00:51:01;00:00:00 - 00:00:00;NOK;90;10,09;24,28;0,46
T828;STM-1E3066;STHD-35;T828 00I;DIA NORMAL;LABTRANOC;31/07/2026 05:42:51;31-07-2026 06:44:52; -04:00;01:02:01;00:00:00 - 00:00:00;NOK;90;0,43;24,15;0,38
T828;STM-1E3066;STHD-35;T828 00I;DIA NORMAL;LABPUNMAN;31/07/2026 07:20:22;31-07-2026 08:56:53; -04:00;01:36:31;00:00:00 - 00:00:00;NOK;90;0,51;24,24;0,25
T828;STM-1E3066;STHD-35;T828 00I;DIA NORMAL;LABTRAPUNMAN;31/07/2026 09:12:54;31-07-2026 10:43:55; -04:00;01:31:01;00:00:00 - 00:00:00;NOK;90;0,41;24,37;0,26
T828;STM-1E3068;STHD-54;T828 00I;DIA NORMAL;LABFUEPUNMAN;31/07/2026 10:51:44;01-01-1900 00:00:00; -04:00;01:32:31;00:00:00 - 00:00:00;NOK;90;0,45;24,29;0,26
T828;STM-1E3069;STHD-65;T828 00I;DIA NORMAL;LABTRANOC;31/07/2026 06:19:13;31-07-2026 07:31:44; -04:00;01:12:31;00:00:00 - 00:00:00;NOK;90;0,52;24,38;0,33
T828;STM-1E3069;STHD-65;T828 00I;DIA NORMAL;LABPUNMAN;31/07/2026 07:59:14;31-07-2026 09:37:46; -04:00;01:38:32;00:00:00 - 00:00:00;NOK;90;0,47;24,13;0,24
T828;STM-1E3070;STHD-72;T828 00I;DIA NORMAL;LABFUEPUNMAN;31/07/2026 11:24:32;01-01-1900 00:00:00; -04:00;00:56:22;00:00:00 - 00:00:00;NOK;90;0,41;16,08;0,28
T828;CO-1E3133;TXZH-33;T828 00I;DIA NORMAL;LABTRANOC;31/07/2026 05:32:21;31-07-2026 06:43:22; -04:00;01:11:01;00:00:00 - 00:00:00;NOK;90;0,52;24,28;0,33
T828;CO-1E3133;TXZH-33;T828 00I;DIA NORMAL;LABPUNMAN;31/07/2026 07:08:23;31-07-2026 08:38:54; -04:00;01:30:31;00:00:00 - 00:00:00;NOK;90;0,52;24,26;0,26
T828;CO-1E3133;TXZH-33;T828 00I;DIA NORMAL;LABTRAPUNMAN;31/07/2026 08:59:54;31-07-2026 10:22:25; -04:00;01:22:31;00:00:00 - 00:00:00;NOK;90;0,54;24,33;0,29
T829;ER-1B2042;LXDH-84;T829 00I;DIA NORMAL;LABTRAPUNMAN;31/07/2026 09:26:03;31-07-2026 09:35:03; -04:00;00:09:00;00:00:00 - 00:00:00;NOK;96;36,65;36,67;0,00
T829;ER-1B2042;LXDH-84;T829 00I;DIA NORMAL;LABFUEPUNMAN;31/07/2026 09:36:33;01-01-1900 00:00:00; -04:00;01:52:02;00:00:00 - 00:00:00;NOK;96;0,45;36,54;0,32
T829;ER-1B2046;LXDH-88;T829 00I;DIA NORMAL;LABFUEPUNMAN;31/07/2026 10:56:06;01-01-1900 00:00:00; -04:00;01:28:26;00:00:00 - 00:00:00;NOK;96;0,52;30,05;0,33
T829;ER-1B2050;LXDH-92;T829 00I;DIA NORMAL;LABPUNMAN;31/07/2026 07:23:16;31-07-2026 09:22:17; -04:00;01:59:01;00:00:00 - 00:00:00;NOK;96;0,55;36,50;0,30
T829;ER-1B2050;LXDH-92;T829 00I;DIA NORMAL;LABFUEPUNMAN;31/07/2026 09:50:48;01-01-1900 00:00:00; -04:00;01:30:01;00:00:00 - 00:00:00;NOK;96;0,44;36,54;0,40
T829;ER-1B2052;LXDH-94;T829 00I;DIA NORMAL;LABPUNMAN;31/07/2026 06:46:21;31-07-2026 06:49:22; -04:00;00:03:01;00:00:00 - 00:00:00;NOK;96;36,67;36,86;0,06
T829;ER-1B2052;LXDH-94;T829 00I;DIA NORMAL;LABPUNMAN;31/07/2026 06:50:22;31-07-2026 09:16:24; -04:00;02:26:02;00:00:00 - 00:00:00;NOK;96;0,42;36,67;0,25
T829;SM-1B2065;LXDJ-17;T829 00I;DIA NORMAL;LABTRANOC;31/07/2026 05:52:36;31-07-2026 07:08:38; -04:00;01:16:02;00:00:00 - 00:00:00;NOK;96;10,00;36,47;0,35
T829;SM-1B2065;LXDJ-17;T829 00I;DIA NORMAL;LABPUNMAN;31/07/2026 07:37:08;31-07-2026 10:08:12; -04:00;02:31:04;00:00:00 - 00:00:00;NOK;96;0,57;36,60;0,24
T829;SM-1B2067;LXDJ-19;T829 00I;DIA NORMAL;LABTRAPUNMAN;31/07/2026 09:23:10;01-01-1900 00:00:00; -04:00;02:05:03;00:00:00 - 00:00:00;NOK;96;0,56;36,48;0,29
T829;SM-1B2072;LXDJ-24;T829 00I;DIA NORMAL;LABFUEPUNMAN;31/07/2026 11:27:32;01-01-1900 00:00:00; -04:00;00:47:19;00:00:00 - 00:00:00;NOK;96;0,61;16,17;0,33
T829;SM-1B2073;LXDJ-25;T829 00I;DIA NORMAL;LABTRAPUNMAN;31/07/2026 09:06:39;31-07-2026 09:07:39; -04:00;00:01:00;00:00:00 - 00:00:00;NOK;96;36,65;36,86;0,20
T829;SM-1B2073;LXDJ-25;T829 00I;DIA NORMAL;LABTRAPUNMAN;31/07/2026 09:08:39;31-07-2026 11:01:14; -04:00;01:52:35;00:00:00 - 00:00:00;NOK;96;0,60;36,59;0,32
T829;ER-1A1002;SHCY-11;T829 00I;DIA NORMAL;LABTRANOC;31/07/2026 06:13:07;31-07-2026 08:26:39; -04:00;02:13:32;00:00:00 - 00:00:00;NOK;77;0,54;36,69;0,27
T829;ER-1A1011;SHCY-47;T829 00I;DIA NORMAL;LABTRANOC;31/07/2026 05:37:02;31-07-2026 07:36:03; -04:00;01:59:01;00:00:00 - 00:00:00;NOK;77;0,45;36,67;0,30
T829;ER-1A1011;SHCY-47;T829 00I;DIA NORMAL;LABPUNMAN;31/07/2026 07:53:34;31-07-2026 10:04:06; -04:00;02:10:32;00:00:00 - 00:00:00;NOK;77;0,43;36,47;0,28
T829;ER-1A1011;SHCY-47;T829 00I;DIA NORMAL;LABFUEPUNMAN;31/07/2026 10:17:06;01-01-1900 00:00:00; -04:00;01:41:33;00:00:00 - 00:00:00;NOK;77;0,60;36,55;0,35
T829;ER-1A1015;SHCY-55;T829 00I;DIA NORMAL;LABTRANOC;31/07/2026 06:05:54;31-07-2026 08:21:28; -04:00;02:15:34;00:00:00 - 00:00:00;NOK;77;0,44;36,68;0,27
T829;CO-1E3027;SKHG-62;T829 00I;DIA NORMAL;LABFUEPUNMAN;31/07/2026 10:27:57;01-01-1900 00:00:00; -04:00;01:55:03;00:00:00 - 00:00:00;NOK;90;0,46;36,68;0,31
T829;CO-1E3028;SKHG-65;T829 00I;DIA NORMAL;LABTRANOC;31/07/2026 05:49:40;31-07-2026 07:30:42; -04:00;01:41:02;00:00:00 - 00:00:00;NOK;90;0,64;36,50;0,35
T829;CO-1E3028;SKHG-65;T829 00I;DIA NORMAL;LABFUEPUNMAN;31/07/2026 10:40:16;01-01-1900 00:00:00; -04:00;01:44:01;00:00:00 - 00:00:00;NOK;90;0,41;36,61;0,35
T829;CO-1E3029;SKHG-69;T829 00I;DIA NORMAL;LABFUEPUNMAN;31/07/2026 11:50:51;01-01-1900 00:00:00; -04:00;00:30:13;00:00:00 - 00:00:00;NOK;90;0,42;10,11;0,32
T829;CO-1E3032;SKHG-74;T829 00I;DIA NORMAL;LABFUEPUNMAN;31/07/2026 11:10:36;01-01-1900 00:00:00; -04:00;01:12:10;00:00:00 - 00:00:00;NOK;90;0,41;26,15;0,36
T829;CO-1E3033;SKHG-79;T829 00I;DIA NORMAL;LABTRAPUNMAN;31/07/2026 08:36:06;31-07-2026 10:42:09; -04:00;02:06:03;00:00:00 - 00:00:00;NOK;90;0,43;36,70;0,29
T829;CO-1E3034;SKHG-80;T829 00I;DIA NORMAL;LABFUEPUNMAN;31/07/2026 11:57:39;01-01-1900 00:00:00; -04:00;00:01:00;00:00:00 - 00:00:00;NOK;90;36,67;36,86;0,19
T829;CO-1E3034;SKHG-80;T829 00I;DIA NORMAL;LABFUEPUNMAN;31/07/2026 12:07:09;01-01-1900 00:00:00; -04:00;00:15:16;00:00:00 - 00:00:00;NOK;90;0,41;6,11;0,37
T829;CO-1E3036;SKHG-85;T829 00I;DIA NORMAL;LABNOC;31/07/2026 05:13:56;31-07-2026 05:14:26; -04:00;00:00:30;00:00:00 - 00:00:00;NOK;90;36,62;36,86;0,46
T829;CO-1E3036;SKHG-85;T829 00I;DIA NORMAL;LABNOC;31/07/2026 05:16:56;31-07-2026 07:12:27; -04:00;01:55:31;00:00:00 - 00:00:00;NOK;90;0,43;36,57;0,31
T829;CO-1E3039;SKHG-92;T829 00I;DIA NORMAL;LABNOC;31/07/2026 05:01:08;31-07-2026 06:27:11; -04:00;01:26:03;00:00:00 - 00:00:00;NOK;90;0,64;36,49;0,42
T829;CO-1E3039;SKHG-92;T829 00I;DIA NORMAL;LABPUNMAN;31/07/2026 06:33:11;31-07-2026 08:34:43; -04:00;02:01:32;00:00:00 - 00:00:00;NOK;90;0,55;36,48;0,30
T829;CO-1E3039;SKHG-92;T829 00I;DIA NORMAL;LABTRAPUNMAN;31/07/2026 08:51:13;31-07-2026 10:37:47; -04:00;01:46:34;00:00:00 - 00:00:00;NOK;90;0,68;36,69;0,34
T829;STM-1B3043;SPZX-36;T829 00I;DIA NORMAL;LABTRAPUNMAN;31/07/2026 08:19:18;31-07-2026 10:15:51; -04:00;01:56:33;00:00:00 - 00:00:00;NOK;90;0,52;36,73;0,31
T830 E3;ER-1B2042;LXDH-84;T830 E3 00I;DIA NORMAL;LABPRENOC;30/07/2026 23:15:00;31-07-2026 00:50:31; -04:00;01:35:31;00:00:00 - 00:00:00;NOK;96;16,28;35,86;0,41
T830 E3;ER-1B2042;LXDH-84;T830 E3 00I;DIA NORMAL;LABNOC;31/07/2026 02:00:46;31-07-2026 03:29:48; -04:00;01:29:02;00:00:00 - 00:00:00;NOK;96;0,26;35,65;0,40
T830 E3;ER-1B2050;LXDH-92;T830 E3 00I;DIA NORMAL;LABPRENOC;31/07/2026 00:41:55;31-07-2026 02:34:27; -04:00;01:52:32;00:00:00 - 00:00:00;NOK;96;0,16;35,95;0,32
T830 E3;ER-1B2050;LXDH-92;T830 E3 00I;DIA NORMAL;LABNOC;31/07/2026 02:54:47;31-07-2026 04:33:19; -04:00;01:38:32;00:00:00 - 00:00:00;NOK;96;0,16;35,76;0,36
T830 E3;ER-1B2050;LXDH-92;T830 E3 00I;DIA NORMAL;LABNOC;31/07/2026 05:01:20;31-07-2026 07:07:22; -04:00;02:06:02;00:00:00 - 00:00:00;NOK;96;0,26;35,79;0,28
T830 E3;ER-1B2062;LXDJ-14;T830 E3 00I;DIA NORMAL;LABPRENOC;30/07/2026 23:46:07;31-07-2026 01:19:08; -04:00;01:33:01;00:00:00 - 00:00:00;NOK;96;6,15;35,77;0,39
T830 E3;ER-1B2062;LXDJ-14;T830 E3 00I;DIA NORMAL;LABNOC;31/07/2026 04:30:21;31-07-2026 06:12:52; -04:00;01:42:31;00:00:00 - 00:00:00;NOK;96;0,24;35,84;0,35
T830 E3;SM-1B2065;LXDJ-17;T830 E3 00I;DIA NORMAL;LABNOC;31/07/2026 01:31:31;31-07-2026 03:02:03; -04:00;01:30:32;00:00:00 - 00:00:00;NOK;96;0,18;35,80;0,39
T830 E3;SM-1B2065;LXDJ-17;T830 E3 00I;DIA NORMAL;LABNOC;31/07/2026 03:32:03;31-07-2026 04:57:05; -04:00;01:25:02;00:00:00 - 00:00:00;NOK;96;0,18;35,67;0,42
T830 E3;SM-1B2065;LXDJ-17;T830 E3 00I;DIA NORMAL;LABNOC;31/07/2026 05:25:35;31-07-2026 05:51:35; -04:00;00:26:00;00:00:00 - 00:00:00;NOK;96;0,28;8,10;0,30
T830 E3;SM-1B2073;LXDJ-25;T830 E3 00I;DIA NORMAL;LABPRENOC;30/07/2026 23:31:12;31-07-2026 01:14:45; -04:00;01:43:33;00:00:00 - 00:00:00;NOK;96;12,02;35,73;0,33
T830 E3;SM-1B2073;LXDJ-25;T830 E3 00I;DIA NORMAL;LABNOC;31/07/2026 04:02:01;31-07-2026 05:40:35; -04:00;01:38:34;00:00:00 - 00:00:00;NOK;96;0,27;35,82;0,36
T830 E3;SM-1B2079;LXDJ-31;T830 E3 00I;DIA NORMAL;LABPRENOC;31/07/2026 00:00:46;31-07-2026 01:31:20; -04:00;01:30:34;00:00:00 - 00:00:00;NOK;96;0,41;35,79;0,39
T830 E3;SM-1B2079;LXDJ-31;T830 E3 00I;DIA NORMAL;LABNOC;31/07/2026 02:31:04;31-07-2026 03:56:36; -04:00;01:25:32;00:00:00 - 00:00:00;NOK;96;0,16;35,69;0,42
T830 E3;SM-1C4065;SJPD-99;T830 E3 00I;DIA NORMAL;LABPRENOC;30/07/2026 23:00:54;31-07-2026 00:47:28; -04:00;01:46:34;00:00:00 - 00:00:00;NOK;156;20,08;35,66;0,35
T830 E3;CO-1E3029;SKHG-69;T830 E3 00I;DIA NORMAL;LABPRENOC;30/07/2026 22:30:06;31-07-2026 00:20:08; -04:00;01:50:02;00:00:00 - 00:00:00;NOK;90;30,12;35,81;0,35
T830 E3;CO-1E3029;SKHG-69;T830 E3 00I;DIA NORMAL;LABPRENOC;31/07/2026 00:30:08;31-07-2026 02:13:11; -04:00;01:43:03;00:00:00 - 00:00:00;NOK;90;0,27;35,66;0,34
T832;STM-1E3056;STHB-21;T832 00I;DIA NORMAL;LABPUNMAN;31/07/2026 07:01:10;31-07-2026 07:56:10; -04:00;00:55:00;00:00:00 - 00:00:00;NOK;90;0,46;12,38;0,22
T832;STM-1E3056;STHB-21;T832 00I;DIA NORMAL;LABTRAPUNMAN;31/07/2026 08:04:41;31-07-2026 08:58:13; -04:00;00:53:32;00:00:00 - 00:00:00;NOK;90;0,44;12,34;0,22
T832;STM-1E3056;STHB-21;T832 00I;DIA NORMAL;LABTRAPUNMAN;31/07/2026 09:04:13;31-07-2026 09:45:44; -04:00;00:41:31;00:00:00 - 00:00:00;NOK;90;0,46;12,33;0,29
T832;STM-1E3056;STHB-21;T832 00I;DIA NORMAL;LABFUEPUNMAN;31/07/2026 10:14:14;31-07-2026 10:52:45; -04:00;00:38:31;00:00:00 - 00:00:00;NOK;90;0,41;12,41;0,31
T832;STM-1E3056;STHB-21;T832 00I;DIA NORMAL;LABFUEPUNMAN;31/07/2026 11:12:46;01-01-1900 00:00:00; -04:00;00:43:30;00:00:00 - 00:00:00;NOK;90;0,49;12,35;0,27
T832;STM-1E3056;STHB-21;T832 00I;DIA NORMAL;LABFUEPUNMAN;31/07/2026 12:13:17;01-01-1900 00:00:00; -04:00;00:10:58;00:00:00 - 00:00:00;NOK;90;0,46;4,02;0,32
T832;STM-1E3116;STHL-95;T832 00I;DIA NORMAL;LABTRANOC;31/07/2026 05:30:05;31-07-2026 05:58:36; -04:00;00:28:31;00:00:00 - 00:00:00;NOK;90;0,49;12,26;0,41
T832;STM-1E3116;STHL-95;T832 00I;DIA NORMAL;LABTRANOC;31/07/2026 06:21:06;31-07-2026 07:01:36; -04:00;00:40:30;00:00:00 - 00:00:00;NOK;90;0,46;12,38;0,29
T832;STM-1E3116;STHL-95;T832 00I;DIA NORMAL;LABPUNMAN;31/07/2026 07:21:07;31-07-2026 08:10:08; -04:00;00:49:01;00:00:00 - 00:00:00;NOK;90;0,46;12,34;0,24
T832;STM-1E3116;STHL-95;T832 00I;DIA NORMAL;LABTRAPUNMAN;31/07/2026 08:20:38;31-07-2026 09:01:08; -04:00;00:40:30;00:00:00 - 00:00:00;NOK;90;0,46;12,30;0,29
T832;STM-1E3116;STHL-95;T832 00I;DIA NORMAL;LABFUEPUNMAN;31/07/2026 09:30:09;31-07-2026 10:11:40; -04:00;00:41:31;00:00:00 - 00:00:00;NOK;90;0,44;12,29;0,29
T832;STM-1E3116;STHL-95;T832 00I;DIA NORMAL;LABFUEPUNMAN;31/07/2026 10:30:48;31-07-2026 11:11:18; -04:00;00:40:30;00:00:00 - 00:00:00;NOK;90;0,46;12,32;0,29
T832;STM-1E3116;STHL-95;T832 00I;DIA NORMAL;LABFUEPUNMAN;31/07/2026 11:29:49;01-01-1900 00:00:00; -04:00;00:38:30;00:00:00 - 00:00:00;NOK;90;0,46;12,27;0,31
T832;STM-1E3118;STHP-52;T832 00I;DIA NORMAL;LABTRANOC;31/07/2026 06:00:02;31-07-2026 06:36:03; -04:00;00:36:01;00:00:00 - 00:00:00;NOK;90;0,46;12,41;0,33
T832;STM-1E3118;STHP-52;T832 00I;DIA NORMAL;LABPUNMAN;31/07/2026 06:42:03;31-07-2026 07:29:05; -04:00;00:47:02;00:00:00 - 00:00:00;NOK;90;0,46;12,32;0,25
T832;STM-1E3118;STHP-52;T832 00I;DIA NORMAL;LABPUNMAN;31/07/2026 07:41:35;31-07-2026 08:31:06; -04:00;00:49:31;00:00:00 - 00:00:00;NOK;90;0,43;12,30;0,24
T832;STM-1E3118;STHP-52;T832 00I;DIA NORMAL;LABTRAPUNMAN;31/07/2026 08:40:36;31-07-2026 09:21:37; -04:00;00:41:01;00:00:00 - 00:00:00;NOK;90;0,45;12,32;0,29
T832;STM-1E3118;STHP-52;T832 00I;DIA NORMAL;LABFUEPUNMAN;31/07/2026 09:51:07;31-07-2026 10:34:09; -04:00;00:43:02;00:00:00 - 00:00:00;NOK;90;0,46;12,26;0,27
T832;STM-1E3118;STHP-52;T832 00I;DIA NORMAL;LABFUEPUNMAN;31/07/2026 10:51:09;01-01-1900 00:00:00; -04:00;00:38:00;00:00:00 - 00:00:00;NOK;90;0,44;12,22;0,31
T832;STM-1E3118;STHP-52;T832 00I;DIA NORMAL;LABFUEPUNMAN;31/07/2026 11:50:40;01-01-1900 00:00:00; -04:00;00:33:07;00:00:00 - 00:00:00;NOK;90;0,42;10,35;0,30
T836;STM-1B2014;FLXS-57;T836 00I;DIA NORMAL;LABFUEPUNMAN;31/07/2026 11:45:42;01-01-1900 00:00:00; -04:00;00:30:30;00:00:00 - 00:00:00;NOK;90;0,47;10,00;0,31
T836;CO-1B2080;LDJP-67;T836 00I;DIA NORMAL;LABPUNMAN;31/07/2026 07:19:42;31-07-2026 08:25:13; -04:00;01:05:31;00:00:00 - 00:00:00;NOK;95;0,50;14,20;0,21
T836;CO-1B2080;LDJP-67;T836 00I;DIA NORMAL;LABTRAPUNMAN;31/07/2026 08:37:13;31-07-2026 09:22:14; -04:00;00:45:01;00:00:00 - 00:00:00;NOK;95;0,49;14,19;0,30
T836;CO-1B2080;LDJP-67;T836 00I;DIA NORMAL;LABFUEPUNMAN;31/07/2026 09:52:44;31-07-2026 10:42:46; -04:00;00:50:02;00:00:00 - 00:00:00;NOK;95;0,47;14,19;0,27
T836;CO-1B2080;LDJP-67;T836 00I;DIA NORMAL;LABFUEPUNMAN;31/07/2026 11:04:46;01-01-1900 00:00:00; -04:00;00:42:31;00:00:00 - 00:00:00;NOK;95;0,50;14,19;0,32
T836;CO-1B2082;LDJP-71;T836 00I;DIA NORMAL;LABPUNMAN;31/07/2026 07:33:02;31-07-2026 08:38:34; -04:00;01:05:32;00:00:00 - 00:00:00;NOK;95;0,48;14,19;0,21
T836;CO-1B2082;LDJP-71;T836 00I;DIA NORMAL;LABTRAPUNMAN;31/07/2026 08:57:34;31-07-2026 09:47:05; -04:00;00:49:31;00:00:00 - 00:00:00;NOK;95;0,43;14,18;0,28
T836;CO-1B2082;LDJP-71;T836 00I;DIA NORMAL;LABFUEPUNMAN;31/07/2026 10:08:35;31-07-2026 11:05:06; -04:00;00:56:31;00:00:00 - 00:00:00;NOK;95;0,41;14,19;0,24
T836;STM-1E3057;STHB-29;T836 03I;DIA NORMAL;LABTRANOC;31/07/2026 05:55:38;31-07-2026 05:59:28; -04:00;00:03:50;00:00:00 - 00:00:00;NOK;90;0,68;2,09;0,37
T836;STM-1E3057;STHB-29;T836 00I;DIA NORMAL;LABTRANOC;31/07/2026 05:55:38;31-07-2026 06:32:40; -04:00;00:37:02;00:00:00 - 00:00:00;NOK;90;4,08;14,19;0,35
T836;STM-1E3090;STHJ-74;T836 03I;DIA NORMAL;LABTRANOC;31/07/2026 05:43:42;31-07-2026 05:59:15; -04:00;00:15:33;00:00:00 - 00:00:00;NOK;90;0,53;8,28;0,50
T836;STM-1E3090;STHJ-74;T836 00I;DIA NORMAL;LABTRANOC;31/07/2026 05:43:42;31-07-2026 06:13:42; -04:00;00:30:00;00:00:00 - 00:00:00;NOK;90;10,08;14,16;0,35
T836;STM-1E3090;STHJ-74;T836 00I;DIA NORMAL;LABPUNMAN;31/07/2026 06:43:42;31-07-2026 07:37:13; -04:00;00:53:31;00:00:00 - 00:00:00;NOK;90;0,50;14,19;0,26
T836;STM-1E3090;STHJ-74;T836 00I;DIA NORMAL;LABPUNMAN;31/07/2026 07:56:13;31-07-2026 08:52:44; -04:00;00:56:31;00:00:00 - 00:00:00;NOK;90;0,49;14,19;0,24
T836;STM-1E3090;STHJ-74;T836 00I;DIA NORMAL;LABTRAPUNMAN;31/07/2026 09:20:44;31-07-2026 10:05:45; -04:00;00:45:01;00:00:00 - 00:00:00;NOK;90;0,50;14,17;0,30
T836;STM-1E3090;STHJ-74;T836 00I;DIA NORMAL;LABFUEPUNMAN;31/07/2026 10:31:45;01-01-1900 00:00:00; -04:00;00:48:32;00:00:00 - 00:00:00;NOK;90;0,50;14,28;0,28
T836;STM-1E3098;STHK-13;T836 03I;DIA NORMAL;LABTRANOC;31/07/2026 05:32:37;31-07-2026 05:59:31; -04:00;00:26:54;00:00:00 - 00:00:00;NOK;90;0,54;12,04;0,43
T836;STM-1E3098;STHK-13;T836 00I;DIA NORMAL;LABTRANOC;31/07/2026 05:32:37;31-07-2026 06:04:38; -04:00;00:32:01;00:00:00 - 00:00:00;NOK;90;14,17;14,17;0,00
T836;STM-1E3098;STHK-13;T836 00I;DIA NORMAL;LABTRANOC;31/07/2026 06:20:39;31-07-2026 07:02:11; -04:00;00:41:32;00:00:00 - 00:00:00;NOK;90;0,49;14,32;0,33
T836;STM-1E3098;STHK-13;T836 00I;DIA NORMAL;LABPUNMAN;31/07/2026 07:41:41;31-07-2026 08:41:12; -04:00;00:59:31;00:00:00 - 00:00:00;NOK;90;0,50;14,18;0,23
T836;STM-1E3098;STHK-13;T836 00I;DIA NORMAL;LABTRAPUNMAN;31/07/2026 09:06:42;31-07-2026 09:53:43; -04:00;00:47:01;00:00:00 - 00:00:00;NOK;90;0,48;14,18;0,29
T836;STM-1E3098;STHK-13;T836 00I;DIA NORMAL;LABFUEPUNMAN;31/07/2026 10:22:43;01-01-1900 00:00:00; -04:00;00:56:32;00:00:00 - 00:00:00;NOK;90;0,47;14,30;0,24
T836;STM-1E3104;STHK-39;T836 00I;DIA NORMAL;LABTRAPUNMAN;31/07/2026 08:09:07;31-07-2026 08:59:09; -04:00;00:50:02;00:00:00 - 00:00:00;NOK;90;0,40;14,18;0,28
T836;STM-1E3104;STHK-39;T836 00I;DIA NORMAL;LABFUEPUNMAN;31/07/2026 09:34:39;31-07-2026 10:24:40; -04:00;00:50:01;00:00:00 - 00:00:00;NOK;90;0,46;14,18;0,27
T836;STM-1E3104;STHK-39;T836 00I;DIA NORMAL;LABFUEPUNMAN;31/07/2026 10:36:40;01-01-1900 00:00:00; -04:00;00:45:01;00:00:00 - 00:00:00;NOK;90;0,48;14,19;0,30
T836;STM-1E3104;STHK-39;T836 00I;DIA NORMAL;LABFUEPUNMAN;31/07/2026 12:06:42;01-01-1900 00:00:00; -04:00;00:12:56;00:00:00 - 00:00:00;NOK;90;0,50;4,04;0,27
T836;STM-1E3131;TXZH-31;T836 00I;DIA NORMAL;LABPUNMAN;31/07/2026 06:55:47;31-07-2026 07:59:20; -04:00;01:03:33;00:00:00 - 00:00:00;NOK;90;0,50;14,20;0,22
T836;STM-1E3131;TXZH-31;T836 00I;DIA NORMAL;LABTRAPUNMAN;31/07/2026 08:25:23;31-07-2026 09:13:54; -04:00;00:48:31;00:00:00 - 00:00:00;NOK;90;0,42;14,19;0,28
T836;STM-1E3131;TXZH-31;T836 00I;DIA NORMAL;LABFUEPUNMAN;31/07/2026 09:43:55;31-07-2026 10:31:55; -04:00;00:48:00;00:00:00 - 00:00:00;NOK;90;0,49;14,20;0,29
T836;STM-1E3131;TXZH-31;T836 00I;DIA NORMAL;LABFUEPUNMAN;31/07/2026 10:47:55;01-01-1900 00:00:00; -04:00;00:44:01;00:00:00 - 00:00:00;NOK;90;0,47;14,19;0,31
T837;CO-1B2102;LDJW-39;T837 00I;DIA NORMAL;LABPUNMAN;31/07/2026 07:33:53;31-07-2026 08:21:25; -04:00;00:47:32;00:00:00 - 00:00:00;NOK;95;0,57;19,11;0,39
T837;CO-1B2102;LDJW-39;T837 00I;DIA NORMAL;LABTRAPUNMAN;31/07/2026 08:28:55;31-07-2026 09:11:55; -04:00;00:43:00;00:00:00 - 00:00:00;NOK;95;0,50;19,11;0,43
T837;CO-1B2102;LDJW-39;T837 00I;DIA NORMAL;LABFUEPUNMAN;31/07/2026 09:30:25;31-07-2026 10:11:27; -04:00;00:41:02;00:00:00 - 00:00:00;NOK;95;0,44;19,15;0,46
T837;CO-1B2102;LDJW-39;T837 00I;DIA NORMAL;LABFUEPUNMAN;31/07/2026 10:31:27;31-07-2026 11:06:27; -04:00;00:35:00;00:00:00 - 00:00:00;NOK;95;0,70;19,13;0,53
T837;CO-1B2102;LDJW-39;T837 00I;DIA NORMAL;LABFUEPUNMAN;31/07/2026 11:28:57;01-01-1900 00:00:00; -04:00;00:39:01;00:00:00 - 00:00:00;NOK;95;0,41;19,26;0,48
T837;STM-1E3084;STHF-82;T837 03I;DIA NORMAL;LABTRANOC;31/07/2026 05:33:00;31-07-2026 05:57:03; -04:00;00:24:03;00:00:00 - 00:00:00;NOK;90;0,56;16,23;0,65
T837;STM-1E3084;STHF-82;T837 00I;DIA NORMAL;LABTRANOC;31/07/2026 05:33:00;31-07-2026 06:02:32; -04:00;00:29:32;00:00:00 - 00:00:00;NOK;90;18,17;19,19;0,61
T837;STM-1E3084;STHF-82;T837 00I;DIA NORMAL;LABTRANOC;31/07/2026 06:20:32;31-07-2026 06:55:34; -04:00;00:35:02;00:00:00 - 00:00:00;NOK;90;0,51;19,27;0,54
T837;STM-1E3084;STHF-82;T837 00I;DIA NORMAL;LABPUNMAN;31/07/2026 07:00:34;31-07-2026 07:43:04; -04:00;00:42:30;00:00:00 - 00:00:00;NOK;90;0,50;19,27;0,44
T837;STM-1E3084;STHF-82;T837 00I;DIA NORMAL;LABTRAPUNMAN;31/07/2026 08:02:05;31-07-2026 08:48:05; -04:00;00:46:00;00:00:00 - 00:00:00;NOK;90;0,40;19,24;0,41
T837;STM-1E3084;STHF-82;T837 00I;DIA NORMAL;LABTRAPUNMAN;31/07/2026 09:01:05;31-07-2026 09:44:06; -04:00;00:43:01;00:00:00 - 00:00:00;NOK;90;0,43;19,31;0,44
T837;STM-1E3084;STHF-82;T837 00I;DIA NORMAL;LABFUEPUNMAN;31/07/2026 10:03:06;31-07-2026 10:44:37; -04:00;00:41:31;00:00:00 - 00:00:00;NOK;90;0,52;19,31;0,45
T837;STM-1E3084;STHF-82;T837 00I;DIA NORMAL;LABFUEPUNMAN;31/07/2026 11:02:07;01-01-1900 00:00:00; -04:00;00:38:31;00:00:00 - 00:00:00;NOK;90;0,45;19,20;0,49
T837;STM-1E3084;STHF-82;T837 00I;DIA NORMAL;LABFUEPUNMAN;31/07/2026 12:02:09;01-01-1900 00:00:00; -04:00;00:21:40;00:00:00 - 00:00:00;NOK;90;0,48;10,06;0,44
T837;STM-1E3087;STHJ-61;T837 00I;DIA NORMAL;LABTRANOC;31/07/2026 06:09:27;31-07-2026 06:45:27; -04:00;00:36:00;00:00:00 - 00:00:00;NOK;90;0,42;19,31;0,52
T837;STM-1E3087;STHJ-61;T837 00I;DIA NORMAL;LABPUNMAN;31/07/2026 06:50:27;31-07-2026 07:33:28; -04:00;00:43:01;00:00:00 - 00:00:00;NOK;90;0,71;19,24;0,43
T841;CO-1B2094;LDJW-29;T841 00I;DIA NORMAL;LABPUNMAN;31/07/2026 07:54:05;31-07-2026 09:00:36; -04:00;01:06:31;00:00:00 - 00:00:00;NOK;95;0,56;16,87;0,25
T841;SM-1B2111;LDJW-48;T841 00I;DIA NORMAL;LABTRAPUNMAN;31/07/2026 08:10:03;31-07-2026 09:14:35; -04:00;01:04:32;00:00:00 - 00:00:00;NOK;95;0,61;16,96;0,25
T841;CO-1C4000;LDJX-67;T841 00I;DIA NORMAL;LABNOC;31/07/2026 05:21:27;31-07-2026 05:55:58; -04:00;00:34:31;00:00:00 - 00:00:00;NOK;152;0,47;16,92;0,48
T841;CO-1C4000;LDJX-67;T841 00R;DIA NORMAL;LABTRANOC;31/07/2026 06:13:30;31-07-2026 06:51:30; -04:00;00:38:00;00:00:00 - 00:00:00;NOK;152;0,66;17,80;0,45
T841;CO-1C4000;LDJX-67;T841 00I;DIA NORMAL;LABPUNMAN;31/07/2026 07:13:01;31-07-2026 07:56:32; -04:00;00:43:31;00:00:00 - 00:00:00;NOK;152;0,50;16,88;0,38
T841;CO-1C4000;LDJX-67;T841 00R;DIA NORMAL;LABTRAPUNMAN;31/07/2026 08:32:33;31-07-2026 09:17:04; -04:00;00:44:31;00:00:00 - 00:00:00;NOK;152;0,81;17,75;0,38
T841;CO-1C4000;LDJX-67;T841 00I;DIA NORMAL;LABFUEPUNMAN;31/07/2026 10:38:00;01-01-1900 00:00:00; -04:00;00:42:02;00:00:00 - 00:00:00;NOK;152;0,63;16,89;0,39
T841;CO-1C4000;LDJX-67;T841 00R;DIA NORMAL;LABFUEPUNMAN;31/07/2026 12:12:03;01-01-1900 00:00:00; -04:00;00:07:44;00:00:00 - 00:00:00;NOK;152;0,58;2,19;0,21
T841;CO-1C4002;LDSX-94;T841 00R;DIA NORMAL;LABPRENOC;30/07/2026 23:41:17;31-07-2026 00:16:19; -04:00;00:35:02;00:00:00 - 00:00:00;NOK;152;12,08;17,71;0,45
T841;CO-1C4002;LDSX-94;T841 00I;DIA NORMAL;LABTRANOC;31/07/2026 05:56:43;31-07-2026 06:35:14; -04:00;00:38:31;00:00:00 - 00:00:00;NOK;152;0,61;16,89;0,42
T841;CO-1C4002;LDSX-94;T841 00R;DIA NORMAL;LABTRAPUNMAN;31/07/2026 09:01:16;31-07-2026 09:46:46; -04:00;00:45:30;00:00:00 - 00:00:00;NOK;152;0,44;17,85;0,38
T841;CO-1C4002;LDSX-94;T841 00I;DIA NORMAL;LABFUEPUNMAN;31/07/2026 10:21:47;31-07-2026 11:09:18; -04:00;00:47:31;00:00:00 - 00:00:00;NOK;152;0,55;16,89;0,34
T841;CO-1C4002;LDSX-94;T841 00R;DIA NORMAL;LABFUEPUNMAN;31/07/2026 11:50:19;01-01-1900 00:00:00; -04:00;00:30:47;00:00:00 - 00:00:00;NOK;152;0,42;12,12;0,38
T841;CO-1C4003;LDSX-95;T841 00I;DIA NORMAL;LABPUNMAN;31/07/2026 06:31:49;31-07-2026 07:18:52; -04:00;00:47:03;00:00:00 - 00:00:00;NOK;152;0,58;16,96;0,35
T841;CO-1C4003;LDSX-95;T841 00R;DIA NORMAL;LABPUNMAN;31/07/2026 07:26:23;31-07-2026 08:34:55; -04:00;01:08:32;00:00:00 - 00:00:00;NOK;152;0,52;17,79;0,25
T841;CO-1C4003;LDSX-95;T841 00I;DIA NORMAL;LABTRAPUNMAN;31/07/2026 08:46:25;31-07-2026 09:42:58; -04:00;00:56:33;00:00:00 - 00:00:00;NOK;152;0,56;16,95;0,29
T841;CO-1C4003;LDSX-95;T841 00R;DIA NORMAL;LABFUEPUNMAN;31/07/2026 10:15:58;31-07-2026 11:10:30; -04:00;00:54:32;00:00:00 - 00:00:00;NOK;152;0,43;17,87;0,32
T841;CO-1C4003;LDSX-95;T841 00I;DIA NORMAL;LABFUEPUNMAN;31/07/2026 11:24:31;01-01-1900 00:00:00; -04:00;00:40:01;00:00:00 - 00:00:00;NOK;152;0,55;16,96;0,41
T841;CO-1C4005;LDTG-63;T841 00I;DIA NORMAL;LABPUNMAN;31/07/2026 07:58:33;31-07-2026 09:01:04; -04:00;01:02:31;00:00:00 - 00:00:00;NOK;152;0,59;16,94;0,26
T841;CO-1C4005;LDTG-63;T841 00I;DIA NORMAL;LABFUEPUNMAN;31/07/2026 10:06:36;31-07-2026 10:53:07; -04:00;00:46:31;00:00:00 - 00:00:00;NOK;152;0,59;16,92;0,35
T841;CO-1C4006;LDTG-64;T841 00I;DIA NORMAL;LABFUEPUNMAN;31/07/2026 09:58:35;31-07-2026 10:51:06; -04:00;00:52:31;00:00:00 - 00:00:00;NOK;152;0,60;16,95;0,31
T841;CO-1C4007;LDTG-65;T841 00I;DIA NORMAL;LABTRANOC;31/07/2026 05:44:51;31-07-2026 06:20:21; -04:00;00:35:30;00:00:00 - 00:00:00;NOK;152;0,57;16,98;0,46
T841;CO-1C4007;LDTG-65;T841 00R;DIA NORMAL;LABTRAPUNMAN;31/07/2026 08:03:23;31-07-2026 08:55:53; -04:00;00:52:30;00:00:00 - 00:00:00;NOK;152;0,55;17,79;0,33
T841;CO-1C4007;LDTG-65;T841 00I;DIA NORMAL;LABTRAPUNMAN;31/07/2026 09:10:23;31-07-2026 10:01:24; -04:00;00:51:01;00:00:00 - 00:00:00;NOK;152;0,61;16,97;0,32
T841;CO-1C4007;LDTG-65;T841 00I;DIA NORMAL;LABFUEPUNMAN;31/07/2026 11:14:00;01-01-1900 00:00:00; -04:00;00:43:31;00:00:00 - 00:00:00;NOK;152;0,41;16,94;0,38
T841;CO-1C4008;LDTG-66;T841 00I;DIA NORMAL;LABFUEPUNMAN;31/07/2026 10:00:57;31-07-2026 10:52:58; -04:00;00:52:01;00:00:00 - 00:00:00;NOK;152;0,54;16,94;0,32
T841;CO-1C4008;LDTG-66;T841 00R;DIA NORMAL;LABFUEPUNMAN;31/07/2026 11:32:00;01-01-1900 00:00:00; -04:00;00:43:50;00:00:00 - 00:00:00;NOK;152;0,45;14,05;0,31
T841;CO-1C4009;LDTG-67;T841 00I;DIA NORMAL;LABTRAPUNMAN;31/07/2026 09:18:38;31-07-2026 10:07:10; -04:00;00:48:32;00:00:00 - 00:00:00;NOK;152;0,65;16,98;0,34
T841;CO-1C4010;LFGJ-89;T841 00I;DIA NORMAL;LABPUNMAN;31/07/2026 07:08:53;31-07-2026 07:55:24; -04:00;00:46:31;00:00:00 - 00:00:00;NOK;152;0,56;16,92;0,35
T841;CO-1C4010;LFGJ-89;T841 00R;DIA NORMAL;LABTRAPUNMAN;31/07/2026 08:17:25;31-07-2026 09:09:55; -04:00;00:52:30;00:00:00 - 00:00:00;NOK;152;0,54;17,75;0,33
T841;CO-1C4010;LFGJ-89;T841 00I;DIA NORMAL;LABFUEPUNMAN;31/07/2026 09:44:12;31-07-2026 10:35:13; -04:00;00:51:01;00:00:00 - 00:00:00;NOK;152;0,47;16,96;0,32
T841;CO-1C4010;LFGJ-89;T841 00R;DIA NORMAL;LABFUEPUNMAN;31/07/2026 11:16:14;01-01-1900 00:00:00; -04:00;00:57:01;00:00:00 - 00:00:00;NOK;152;0,52;17,77;0,30
T841;CO-1C4011;LFGJ-90;T841 00I;DIA NORMAL;LABTRANOC;31/07/2026 05:52:40;31-07-2026 06:35:11; -04:00;00:42:31;00:00:00 - 00:00:00;NOK;152;0,46;16,98;0,39
T841;CO-1C4011;LFGJ-90;T841 00R;DIA NORMAL;LABTRAPUNMAN;31/07/2026 08:47:13;31-07-2026 09:46:13; -04:00;00:59:00;00:00:00 - 00:00:00;NOK;152;0,58;17,79;0,29
T841;CO-1C4011;LFGJ-90;T841 00I;DIA NORMAL;LABFUEPUNMAN;31/07/2026 10:03:14;31-07-2026 10:56:45; -04:00;00:53:31;00:00:00 - 00:00:00;NOK;152;0,59;16,89;0,30
T841;CO-1C4011;LFGJ-90;T841 00R;DIA NORMAL;LABFUEPUNMAN;31/07/2026 11:41:45;01-01-1900 00:00:00; -04:00;00:37:42;00:00:00 - 00:00:00;NOK;152;0,53;12,13;0,31
T841;CO-1C4013;LFGJ-92;T841 00I;DIA NORMAL;LABTRANOC;31/07/2026 06:05:44;31-07-2026 06:44:15; -04:00;00:38:31;00:00:00 - 00:00:00;NOK;152;0,44;16,99;0,43
T841;CO-1C4013;LFGJ-92;T841 00R;DIA NORMAL;LABPUNMAN;31/07/2026 06:50:15;31-07-2026 07:36:46; -04:00;00:46:31;00:00:00 - 00:00:00;NOK;152;0,58;17,80;0,37
T841;CO-1C4013;LFGJ-92;T841 00I;DIA NORMAL;LABPUNMAN;31/07/2026 07:48:46;31-07-2026 08:52:17; -04:00;01:03:31;00:00:00 - 00:00:00;NOK;152;0,61;16,87;0,26
T841;CO-1C4013;LFGJ-92;T841 00R;DIA NORMAL;LABTRAPUNMAN;31/07/2026 09:17:18;31-07-2026 10:07:20; -04:00;00:50:02;00:00:00 - 00:00:00;NOK;152;0,47;17,73;0,34
T841;CO-1C4013;LFGJ-92;T841 00I;DIA NORMAL;LABFUEPUNMAN;31/07/2026 10:31:51;31-07-2026 11:15:22; -04:00;00:43:31;00:00:00 - 00:00:00;NOK;152;0,44;16,88;0,38
T841;CO-1C4013;LFGJ-92;T841 00R;DIA NORMAL;LABFUEPUNMAN;31/07/2026 12:01:53;01-01-1900 00:00:00; -04:00;00:19:04;00:00:00 - 00:00:00;NOK;152;0,62;8,38;0,41
T841;CO-1C4015;LFGJ-94;T841 00I;DIA NORMAL;LABFUEPUNMAN;31/07/2026 10:50:30;01-01-1900 00:00:00; -04:00;00:44:31;00:00:00 - 00:00:00;NOK;152;0,44;16,96;0,37
T841;CO-1C4018;LFGJ-97;T841 00R;DIA NORMAL;LABFUEPUNMAN;31/07/2026 09:47:20;31-07-2026 10:45:51; -04:00;00:58:31;00:00:00 - 00:00:00;NOK;152;0,42;17,87;0,30
T841;CO-1C4018;LFGJ-97;T841 00I;DIA NORMAL;LABFUEPUNMAN;31/07/2026 11:43:46;01-01-1900 00:00:00; -04:00;00:40:30;00:00:00 - 00:00:00;NOK;152;0,41;16,98;0,41
T841;CO-1C4019;LFGW-21;T841 00I;DIA NORMAL;LABTRAPUNMAN;31/07/2026 09:28:06;31-07-2026 10:17:08; -04:00;00:49:02;00:00:00 - 00:00:00;NOK;152;0,68;16,95;0,33
T841;CO-1C4019;LFGW-21;T841 00I;DIA NORMAL;LABFUEPUNMAN;31/07/2026 12:06:40;01-01-1900 00:00:00; -04:00;00:14:08;00:00:00 - 00:00:00;NOK;152;0,41;4,17;0,27
T841;CO-1C4020;LFGW-22;T841 00I;DIA NORMAL;LABTRANOC;31/07/2026 06:15:52;31-07-2026 06:58:54; -04:00;00:43:02;00:00:00 - 00:00:00;NOK;152;0,54;16,87;0,38
T841;CO-1C4020;LFGW-22;T841 00R;DIA NORMAL;LABPUNMAN;31/07/2026 07:03:54;31-07-2026 07:58:27; -04:00;00:54:33;00:00:00 - 00:00:00;NOK;152;0,42;17,76;0,32
T841;CO-1C4020;LFGW-22;T841 00I;DIA NORMAL;LABTRAPUNMAN;31/07/2026 08:19:27;31-07-2026 09:22:59; -04:00;01:03:32;00:00:00 - 00:00:00;NOK;152;0,52;16,89;0,26
T841;CO-1C4020;LFGW-22;T841 00R;DIA NORMAL;LABFUEPUNMAN;31/07/2026 10:01:31;31-07-2026 11:02:33; -04:00;01:01:02;00:00:00 - 00:00:00;NOK;152;0,44;17,94;0,29
T841;CO-1C4020;LFGW-22;T841 00I;DIA NORMAL;LABFUEPUNMAN;31/07/2026 11:35:01;01-01-1900 00:00:00; -04:00;00:43:01;00:00:00 - 00:00:00;NOK;152;0,47;16,97;0,38
T841;CO-1C4021;LFGW-31;T841 00I;DIA NORMAL;LABTRANOC;31/07/2026 05:32:47;31-07-2026 06:08:17; -04:00;00:35:30;00:00:00 - 00:00:00;NOK;152;0,55;16,99;0,46
T841;CO-1C4021;LFGW-31;T841 00R;DIA NORMAL;LABTRANOC;31/07/2026 06:26:20;31-07-2026 07:09:52; -04:00;00:43:32;00:00:00 - 00:00:00;NOK;152;0,65;17,87;0,40
T841;CO-1C4021;LFGW-31;T841 00I;DIA NORMAL;LABPUNMAN;31/07/2026 07:25:52;31-07-2026 08:28:54; -04:00;01:03:02;00:00:00 - 00:00:00;NOK;152;0,50;16,96;0,26
T841;CO-1C4021;LFGW-31;T841 00I;DIA NORMAL;LABFUEPUNMAN;31/07/2026 09:35:55;31-07-2026 10:27:26; -04:00;00:51:31;00:00:00 - 00:00:00;NOK;152;0,43;16,92;0,32
T841;CO-1C4021;LFGW-31;T841 00R;DIA NORMAL;LABFUEPUNMAN;31/07/2026 11:02:26;01-01-1900 00:00:00; -04:00;00:53:31;00:00:00 - 00:00:00;NOK;152;0,48;17,79;0,32
T841;CO-1C4024;LFGW-34;T841 00I;DIA NORMAL;LABTRANOC;31/07/2026 05:45:54;31-07-2026 06:23:25; -04:00;00:37:31;00:00:00 - 00:00:00;NOK;152;0,56;16,97;0,44
T841;CO-1C4024;LFGW-34;T841 00R;DIA NORMAL;LABPUNMAN;31/07/2026 06:37:25;31-07-2026 07:25:27; -04:00;00:48:02;00:00:00 - 00:00:00;NOK;152;0,50;17,84;0,36
T841;ER-1A1001;SHCY-10;T841 00I;DIA NORMAL;LABPUNMAN;31/07/2026 06:52:43;31-07-2026 07:37:14; -04:00;00:44:31;00:00:00 - 00:00:00;NOK;77;0,54;16,98;0,37
T841;ER-1C4031;SHXF-25;T841 00R;DIA NORMAL;LABPRENOC;31/07/2026 00:02:41;31-07-2026 00:44:43; -04:00;00:42:02;00:00:00 - 00:00:00;NOK;156;0,44;17,82;0,41
T841;ER-1C4031;SHXF-25;T841 00I;DIA NORMAL;LABNOC;31/07/2026 05:02:41;31-07-2026 05:36:42; -04:00;00:34:01;00:00:00 - 00:00:00;NOK;156;0,62;16,98;0,48
T841;ER-1C4031;SHXF-25;T841 00I;DIA NORMAL;LABPUNMAN;31/07/2026 06:38:44;31-07-2026 07:18:46; -04:00;00:40:02;00:00:00 - 00:00:00;NOK;156;0,47;16,94;0,41
T841;ER-1C4031;SHXF-25;T841 00R;DIA NORMAL;LABPUNMAN;31/07/2026 07:37:16;31-07-2026 08:40:48; -04:00;01:03:32;00:00:00 - 00:00:00;NOK;156;0,46;17,90;0,27
T841;ER-1C4031;SHXF-25;T841 00I;DIA NORMAL;LABTRAPUNMAN;31/07/2026 08:52:19;31-07-2026 09:48:49; -04:00;00:56:30;00:00:00 - 00:00:00;NOK;156;0,57;16,97;0,29
T841;ER-1C4031;SHXF-25;T841 00R;DIA NORMAL;LABFUEPUNMAN;31/07/2026 10:31:50;01-01-1900 00:00:00; -04:00;00:58:02;00:00:00 - 00:00:00;NOK;156;0,52;17,72;0,30
T841;ER-1C4031;SHXF-25;T841 00I;DIA NORMAL;LABFUEPUNMAN;31/07/2026 12:17:53;01-01-1900 00:00:00; -04:00;00:03:56;00:00:00 - 00:00:00;NOK;156;0,61;2,02;0,36
T841;ER-1C4041;SHXG-87;T841 00R;DIA NORMAL;LABTRANOC;31/07/2026 05:30:49;31-07-2026 06:13:20; -04:00;00:42:31;00:00:00 - 00:00:00;NOK;156;0,66;17,71;0,40
T841;CO-1A4068;SJPF-86;T841 00R;DIA NORMAL;LABPRENOC;31/07/2026 00:30:54;31-07-2026 01:06:54; -04:00;00:36:00;00:00:00 - 00:00:00;NOK;156;0,59;17,92;0,48
T841;CO-1A4068;SJPF-86;T841 00I;DIA NORMAL;LABNOC;31/07/2026 05:10:40;31-07-2026 05:42:40; -04:00;00:32:00;00:00:00 - 00:00:00;NOK;156;0,44;16,87;0,51
T841;CO-1A4068;SJPF-86;T841 00R;DIA NORMAL;LABTRANOC;31/07/2026 06:00:40;31-07-2026 06:39:42; -04:00;00:39:02;00:00:00 - 00:00:00;NOK;156;0,63;17,90;0,44
T841;CO-1A4068;SJPF-86;T841 00I;DIA NORMAL;LABPUNMAN;31/07/2026 06:56:42;31-07-2026 07:38:43; -04:00;00:42:01;00:00:00 - 00:00:00;NOK;156;0,46;16,95;0,39
T841;CO-1A4068;SJPF-86;T841 00R;DIA NORMAL;LABPUNMAN;31/07/2026 07:49:13;31-07-2026 08:40:44; -04:00;00:51:31;00:00:00 - 00:00:00;NOK;156;0,43;17,82;0,34
T841;CO-1A4068;SJPF-86;T841 00I;DIA NORMAL;LABTRAPUNMAN;31/07/2026 08:59:15;31-07-2026 09:50:47; -04:00;00:51:32;00:00:00 - 00:00:00;NOK;156;0,56;16,97;0,32
T841;CO-1A4068;SJPF-86;T841 00R;DIA NORMAL;LABFUEPUNMAN;31/07/2026 10:46:18;01-01-1900 00:00:00; -04:00;00:54:31;00:00:00 - 00:00:00;NOK;156;0,49;17,92;0,32
T841;SM-1C4066;SJPF-88;T841 00R;DIA NORMAL;LABFUEPUNMAN;31/07/2026 09:31:50;31-07-2026 10:30:51; -04:00;00:59:01;00:00:00 - 00:00:00;NOK;156;0,51;17,87;0,29
T841;STM-1E3071;STHF-13;T841 00I;DIA NORMAL;LABPUNMAN;31/07/2026 06:47:36;31-07-2026 07:29:06; -04:00;00:41:30;00:00:00 - 00:00:00;NOK;90;0,54;16,94;0,40
T841;STM-1E3081;STHF-76;T841 00I;DIA NORMAL;LABTRANOC;31/07/2026 06:24:55;31-07-2026 07:05:26; -04:00;00:40:31;00:00:00 - 00:00:00;NOK;90;0,54;16,99;0,41
T841;STM-1E3081;STHF-76;T841 00R;DIA NORMAL;LABPUNMAN;31/07/2026 07:12:57;31-07-2026 08:10:58; -04:00;00:58:01;00:00:00 - 00:00:00;NOK;90;0,52;17,79;0,30
T841;CO-1E3139;TXZH-39;T841 00I;DIA NORMAL;LABTRAPUNMAN;31/07/2026 08:32:28;31-07-2026 08:37:26; -04:00;00:04:58;00:00:00 - 00:00:00;NOK;90;0,68;2,13;0,29
T841;CO-1E3139;TXZH-39;T841 00I;DIA NORMAL;LABTRAPUNMAN;31/07/2026 08:48:29;31-07-2026 09:36:59; -04:00;00:48:30;00:00:00 - 00:00:00;NOK;90;0,44;16,87;0,34
T841;CO-1E3139;TXZH-39;T841 00I;DIA NORMAL;LABFUEPUNMAN;31/07/2026 11:57:20;01-01-1900 00:00:00; -04:00;00:25:17;00:00:00 - 00:00:00;NOK;90;0,54;8,18;0,30
T841c2;CO-1B2085;LDJV-43;T841 C2 00I;DIA NORMAL;LABPUNMAN;31/07/2026 07:20:47;31-07-2026 07:34:49; -04:00;00:14:02;00:00:00 - 00:00:00;NOK;95;0,42;10,52;0,72
T841c2;CO-1B2088;LDJV-46;T841 C2 00I;DIA NORMAL;LABPUNMAN;31/07/2026 07:33:13;31-07-2026 07:50:44; -04:00;00:17:31;00:00:00 - 00:00:00;NOK;95;0,49;10,52;0,57
T841c2;CO-1E3017;SKHG-20;T841 C2 00I;DIA NORMAL;LABPUNMAN;31/07/2026 07:48:54;31-07-2026 08:07:25; -04:00;00:18:31;00:00:00 - 00:00:00;NOK;90;0,65;10,57;0,54
T841c2;VTFK-64;VTFK-64;T841 C2 00I;DIA NORMAL;LABPUNMAN;31/07/2026 07:04:44;31-07-2026 07:19:14; -04:00;00:14:30;00:00:00 - 00:00:00;NOK;90;0,45;10,53;0,69
T841c2;VTFK-64;VTFK-64;T841 C2 00I;DIA NORMAL;LABPUNMAN;31/07/2026 07:54:44;31-07-2026 08:15:15; -04:00;00:20:31;00:00:00 - 00:00:00;NOK;90;0,64;10,53;0,48
T841e;CO-1C4002;LDSX-94;T841 E0 00I;DIA NORMAL;LABPUNMAN;31/07/2026 07:33:45;31-07-2026 08:24:46; -04:00;00:51:01;00:00:00 - 00:00:00;NOK;152;0,50;15,89;0,30
T841e;CO-1C4006;LDTG-64;T841 E0 00I;DIA NORMAL;LABTRANOC;31/07/2026 06:02:58;31-07-2026 06:40:59; -04:00;00:38:01;00:00:00 - 00:00:00;NOK;152;0,44;15,95;0,41
T841e;CO-1C4006;LDTG-64;T841 E0 00I;DIA NORMAL;LABPUNMAN;31/07/2026 07:46:59;31-07-2026 08:37:01; -04:00;00:50:02;00:00:00 - 00:00:00;NOK;152;0,50;15,88;0,31
T841e;CO-1C4007;LDTG-65;T841 E0 00I;DIA NORMAL;LABPUNMAN;31/07/2026 07:13:52;31-07-2026 07:54:52; -04:00;00:41:00;00:00:00 - 00:00:00;NOK;152;0,40;15,89;0,38
T841e;CO-1C4008;LDTG-66;T841 E0 00I;DIA NORMAL;LABPUNMAN;31/07/2026 06:33:22;31-07-2026 07:08:53; -04:00;00:35:31;00:00:00 - 00:00:00;NOK;152;0,50;15,87;0,43
T841e;CO-1C4008;LDTG-66;T841 E0 00I;DIA NORMAL;LABPUNMAN;31/07/2026 07:59:23;31-07-2026 08:50:26; -04:00;00:51:03;00:00:00 - 00:00:00;NOK;152;0,49;15,88;0,30
T841e;CO-1C4009;LDTG-67;T841 E0 00I;DIA NORMAL;LABTRANOC;31/07/2026 06:13:35;31-07-2026 06:47:05; -04:00;00:33:30;00:00:00 - 00:00:00;NOK;152;0,44;15,88;0,46
T841e;CO-1C4009;LDTG-67;T841 E0 00I;DIA NORMAL;LABPUNMAN;31/07/2026 07:38:37;31-07-2026 08:24:37; -04:00;00:46:00;00:00:00 - 00:00:00;NOK;152;0,45;15,87;0,34
T841e;CO-1C4011;LFGJ-90;T841 E0 00I;DIA NORMAL;LABPUNMAN;31/07/2026 07:30:42;31-07-2026 08:20:42; -04:00;00:50:00;00:00:00 - 00:00:00;NOK;152;0,50;15,96;0,31
T841e;CO-1C4014;LFGJ-93;T841 E0 00I;DIA NORMAL;LABTRANOC;31/07/2026 06:23:37;31-07-2026 06:54:40; -04:00;00:31:03;00:00:00 - 00:00:00;NOK;152;0,49;15,88;0,50
T841e;CO-1C4018;LFGJ-97;T841 E0 00I;DIA NORMAL;LABTRANOC;31/07/2026 05:45:45;31-07-2026 06:16:46; -04:00;00:31:01;00:00:00 - 00:00:00;NOK;152;0,45;15,87;0,50
T841e;CO-1C4018;LFGJ-97;T841 E0 00I;DIA NORMAL;LABPUNMAN;31/07/2026 06:57:47;31-07-2026 07:32:48; -04:00;00:35:01;00:00:00 - 00:00:00;NOK;152;0,48;15,88;0,44
T841e;CO-1C4018;LFGJ-97;T841 E0 00I;DIA NORMAL;LABTRAPUNMAN;31/07/2026 08:24:18;31-07-2026 09:16:49; -04:00;00:52:31;00:00:00 - 00:00:00;NOK;152;0,49;15,98;0,29
T841e;ER-1C4041;SHXG-87;T841 E0 00I;DIA NORMAL;LABPUNMAN;31/07/2026 06:40:21;31-07-2026 07:16:21; -04:00;00:36:00;00:00:00 - 00:00:00;NOK;156;0,50;15,87;0,43
T841e;ER-1C4041;SHXG-87;T841 E0 00I;DIA NORMAL;LABTRAPUNMAN;31/07/2026 08:07:22;31-07-2026 08:56:23; -04:00;00:49:01;00:00:00 - 00:00:00;NOK;156;0,50;15,86;0,31
T841e;SM-1C4066;SJPF-88;T841 E0 00I;DIA NORMAL;LABTRANOC;31/07/2026 05:30:46;31-07-2026 06:00:47; -04:00;00:30:01;00:00:00 - 00:00:00;NOK;156;0,50;15,98;0,52
T841e;SM-1C4066;SJPF-88;T841 E0 00I;DIA NORMAL;LABPUNMAN;31/07/2026 06:50:47;31-07-2026 07:24:48; -04:00;00:34:01;00:00:00 - 00:00:00;NOK;156;0,46;15,99;0,46
T841e;SM-1C4066;SJPF-88;T841 E0 00I;DIA NORMAL;LABTRAPUNMAN;31/07/2026 08:13:49;31-07-2026 08:58:19; -04:00;00:44:30;00:00:00 - 00:00:00;NOK;156;0,50;15,86;0,35
